Year,Month,Statistic Label,Location,UNIT,VALUE
2007,08,Residential Property Price Index,National,Index,159.0
2007,08,Residential Property Price Index,Dublin,Index,152.3
2007,08,Residential Property Price Index,National Excluding Dublin,Index,180.2
2007,09,Residential Property Price Index,National,Index,159.2
2007,09,Residential Property Price Index,Dublin,Index,153.3
2007,09,Residential Property Price Index,National Excluding Dublin,Index,180.0
2007,10,Residential Property Price Index,National,Index,158.7
2007,10,Residential Property Price Index,Dublin,Index,153.7
2007,10,Residential Property Price Index,National Excluding Dublin,Index,179.0
2007,11,Residential Property Price Index,National,Index,158.8
2007,11,Residential Property Price Index,Dublin,Index,152.4
2007,11,Residential Property Price Index,National Excluding Dublin,Index,179.7
2007,12,Residential Property Price Index,National,Index,157.6
2007,12,Residential Property Price Index,Dublin,Index,149.0
2007,12,Residential Property Price Index,National Excluding Dublin,Index,179.5
2008,01,Residential Property Price Index,National,Index,156.3
2008,01,Residential Property Price Index,Dublin,Index,144.5
2008,01,Residential Property Price Index,National Excluding Dublin,Index,179.6
2008,02,Residential Property Price Index,National,Index,154.8
2008,02,Residential Property Price Index,Dublin,Index,143.1
2008,02,Residential Property Price Index,National Excluding Dublin,Index,178.0
2008,03,Residential Property Price Index,National,Index,153.2
2008,03,Residential Property Price Index,Dublin,Index,142.4
2008,03,Residential Property Price Index,National Excluding Dublin,Index,175.8
2008,04,Residential Property Price Index,National,Index,152.1
2008,04,Residential Property Price Index,Dublin,Index,143.6
2008,04,Residential Property Price Index,National Excluding Dublin,Index,173.7
2008,05,Residential Property Price Index,National,Index,151.0
2008,05,Residential Property Price Index,Dublin,Index,145.9
2008,05,Residential Property Price Index,National Excluding Dublin,Index,171.0
2008,06,Residential Property Price Index,National,Index,149.7
2008,06,Residential Property Price Index,Dublin,Index,145.6
2008,06,Residential Property Price Index,National Excluding Dublin,Index,169.1
2008,07,Residential Property Price Index,National,Index,148.9
2008,07,Residential Property Price Index,Dublin,Index,144.0
2008,07,Residential Property Price Index,National Excluding Dublin,Index,168.5
2008,08,Residential Property Price Index,National,Index,147.5
2008,08,Residential Property Price Index,Dublin,Index,142.1
2008,08,Residential Property Price Index,National Excluding Dublin,Index,167.2
2008,09,Residential Property Price Index,National,Index,145.7
2008,09,Residential Property Price Index,Dublin,Index,137.1
2008,09,Residential Property Price Index,National Excluding Dublin,Index,166.4
2008,10,Residential Property Price Index,National,Index,143.3
2008,10,Residential Property Price Index,Dublin,Index,133.9
2008,10,Residential Property Price Index,National Excluding Dublin,Index,164.1
2008,11,Residential Property Price Index,National,Index,141.1
2008,11,Residential Property Price Index,Dublin,Index,130.5
2008,11,Residential Property Price Index,National Excluding Dublin,Index,162.1
2008,12,Residential Property Price Index,National,Index,138.3
2008,12,Residential Property Price Index,Dublin,Index,127.6
2008,12,Residential Property Price Index,National Excluding Dublin,Index,159.0
2009,01,Residential Property Price Index,National,Index,134.9
2009,01,Residential Property Price Index,Dublin,Index,123.3
2009,01,Residential Property Price Index,National Excluding Dublin,Index,155.7
2009,02,Residential Property Price Index,National,Index,131.2
2009,02,Residential Property Price Index,Dublin,Index,117.7
2009,02,Residential Property Price Index,National Excluding Dublin,Index,152.4
2009,03,Residential Property Price Index,National,Index,127.7
2009,03,Residential Property Price Index,Dublin,Index,113.0
2009,03,Residential Property Price Index,National Excluding Dublin,Index,149.0
2009,04,Residential Property Price Index,National,Index,125.1
2009,04,Residential Property Price Index,Dublin,Index,108.2
2009,04,Residential Property Price Index,National Excluding Dublin,Index,147.0
2009,05,Residential Property Price Index,National,Index,122.1
2009,05,Residential Property Price Index,Dublin,Index,105.0
2009,05,Residential Property Price Index,National Excluding Dublin,Index,143.8
2009,06,Residential Property Price Index,National,Index,120.1
2009,06,Residential Property Price Index,Dublin,Index,103.8
2009,06,Residential Property Price Index,National Excluding Dublin,Index,141.3
2009,07,Residential Property Price Index,National,Index,118.4
2009,07,Residential Property Price Index,Dublin,Index,103.3
2009,07,Residential Property Price Index,National Excluding Dublin,Index,138.8
2009,08,Residential Property Price Index,National,Index,117.2
2009,08,Residential Property Price Index,Dublin,Index,104.7
2009,08,Residential Property Price Index,National Excluding Dublin,Index,136.3
2009,09,Residential Property Price Index,National,Index,117.8
2009,09,Residential Property Price Index,Dublin,Index,105.7
2009,09,Residential Property Price Index,National Excluding Dublin,Index,136.8
2009,10,Residential Property Price Index,National,Index,116.5
2009,10,Residential Property Price Index,Dublin,Index,103.2
2009,10,Residential Property Price Index,National Excluding Dublin,Index,135.9
2009,11,Residential Property Price Index,National,Index,116.0
2009,11,Residential Property Price Index,Dublin,Index,100.3
2009,11,Residential Property Price Index,National Excluding Dublin,Index,136.3
2009,12,Residential Property Price Index,National,Index,114.4
2009,12,Residential Property Price Index,Dublin,Index,98.0
2009,12,Residential Property Price Index,National Excluding Dublin,Index,135.0
2010,01,Residential Property Price Index,National,Index,113.3
2010,01,Residential Property Price Index,Dublin,Index,95.2
2010,01,Residential Property Price Index,Dublin,Index,94.4
2010,01,Residential Property Price Index,Rest Of Country,Index,95.4
2010,01,Residential Property Price Index,Rest Of Country,Index,98.9
2010,01,Residential Property Price Index,Dublin,Index,93.7
2010,01,Residential Property Price Index,National Excluding Dublin,Index,134.5
2010,01,Residential Property Price Index,Rest Of Country,Index,172.3
2010,01,Residential Property Price Index,Rest Of Country,Index,159.3
2010,01,Residential Property Price Index,Rest Of Country,Index,153.8
2010,01,Residential Property Price Index,Rest Of Country,Index,114.4
2010,01,Residential Property Price Index,Rest Of Country,Index,152.6
2010,01,Residential Property Price Index,Rest Of Country,Index,139.8
2010,01,Residential Property Price Index,Rest Of Country,Index,125.6
2010,02,Residential Property Price Index,National,Index,111.5
2010,02,Residential Property Price Index,Dublin,Index,92.7
2010,02,Residential Property Price Index,Dublin,Index,91.0
2010,02,Residential Property Price Index,Rest Of Country,Index,93.2
2010,02,Residential Property Price Index,Rest Of Country,Index,96.7
2010,02,Residential Property Price Index,Dublin,Index,92.5
2010,02,Residential Property Price Index,National Excluding Dublin,Index,133.0
2010,02,Residential Property Price Index,Rest Of Country,Index,170.0
2010,02,Residential Property Price Index,Rest Of Country,Index,157.3
2010,02,Residential Property Price Index,Rest Of Country,Index,151.5
2010,02,Residential Property Price Index,Rest Of Country,Index,112.7
2010,02,Residential Property Price Index,Rest Of Country,Index,154.2
2010,02,Residential Property Price Index,Rest Of Country,Index,139.5
2010,02,Residential Property Price Index,Rest Of Country,Index,124.5
2010,03,Residential Property Price Index,National,Index,110.2
2010,03,Residential Property Price Index,Dublin,Index,90.6
2010,03,Residential Property Price Index,Dublin,Index,88.4
2010,03,Residential Property Price Index,Rest Of Country,Index,90.6
2010,03,Residential Property Price Index,Rest Of Country,Index,94.7
2010,03,Residential Property Price Index,Dublin,Index,91.2
2010,03,Residential Property Price Index,National Excluding Dublin,Index,132.5
2010,03,Residential Property Price Index,Rest Of Country,Index,169.1
2010,03,Residential Property Price Index,Rest Of Country,Index,155.5
2010,03,Residential Property Price Index,Rest Of Country,Index,150.3
2010,03,Residential Property Price Index,Rest Of Country,Index,112.0
2010,03,Residential Property Price Index,Rest Of Country,Index,154.4
2010,03,Residential Property Price Index,Rest Of Country,Index,137.5
2010,03,Residential Property Price Index,Rest Of Country,Index,124.7
2010,04,Residential Property Price Index,National,Index,109.3
2010,04,Residential Property Price Index,Dublin,Index,90.1
2010,04,Residential Property Price Index,Dublin,Index,87.3
2010,04,Residential Property Price Index,Rest Of Country,Index,89.2
2010,04,Residential Property Price Index,Rest Of Country,Index,93.2
2010,04,Residential Property Price Index,Dublin,Index,89.9
2010,04,Residential Property Price Index,National Excluding Dublin,Index,131.1
2010,04,Residential Property Price Index,Rest Of Country,Index,164.3
2010,04,Residential Property Price Index,Rest Of Country,Index,153.7
2010,04,Residential Property Price Index,Rest Of Country,Index,151.5
2010,04,Residential Property Price Index,Rest Of Country,Index,111.4
2010,04,Residential Property Price Index,Rest Of Country,Index,152.9
2010,05,Residential Property Price Index,Dublin,Index,89.5
2010,05,Residential Property Price Index,Dublin,Index,85.4
2010,05,Residential Property Price Index,Rest Of Country,Index,88.6
2010,05,Residential Property Price Index,Rest Of Country,Index,92.1
2010,05,Residential Property Price Index,Dublin,Index,89.4
2010,05,Residential Property Price Index,National Excluding Dublin,Index,128.4
2010,05,Residential Property Price Index,Rest Of Country,Index,159.8
2010,05,Residential Property Price Index,Rest Of Country,Index,153.1
2010,05,Residential Property Price Index,Rest Of Country,Index,146.0
2010,05,Residential Property Price Index,Rest Of Country,Index,110.0
2010,05,Residential Property Price Index,Rest Of Country,Index,152.7
2010,05,Residential Property Price Index,Rest Of Country,Index,134.4
2010,05,Residential Property Price Index,Rest Of Country,Index,121.3
2010,06,Residential Property Price Index,National,Index,106.6
2010,06,Residential Property Price Index,Dublin,Index,88.7
2010,06,Residential Property Price Index,Dublin,Index,84.3
2010,06,Residential Property Price Index,Rest Of Country,Index,88.2
2010,06,Residential Property Price Index,Dublin,Index,88.9
2010,06,Residential Property Price Index,National Excluding Dublin,Index,127.3
2010,06,Residential Property Price Index,Rest Of Country,Index,156.5
2010,06,Residential Property Price Index,Rest Of Country,Index,151.7
2010,06,Residential Property Price Index,Rest Of Country,Index,146.7
2010,06,Residential Property Price Index,Rest Of Country,Index,108.3
2010,06,Residential Property Price Index,Rest Of Country,Index,150.1
2010,06,Residential Property Price Index,Rest Of Country,Index,133.5
2010,06,Residential Property Price Index,Rest Of Country,Index,120.9
2010,07,Residential Property Price Index,National,Index,105.7
2010,07,Residential Property Price Index,Dublin,Index,88.4
2010,07,Residential Property Price Index,Dublin,Index,83.5
2010,07,Residential Property Price Index,Rest Of Country,Index,88.0
2010,07,Residential Property Price Index,Rest Of Country,Index,89.0
2010,07,Residential Property Price Index,Dublin,Index,88.7
2010,07,Residential Property Price Index,National Excluding Dublin,Index,125.8
2010,07,Residential Property Price Index,Rest Of Country,Index,156.0
2010,07,Residential Property Price Index,Rest Of Country,Index,146.6
2010,07,Residential Property Price Index,Rest Of Country,Index,145.8
2010,07,Residential Property Price Index,Rest Of Country,Index,106.7
2010,07,Residential Property Price Index,Rest Of Country,Index,149.0
2010,07,Residential Property Price Index,Rest Of Country,Index,130.5
2010,08,Residential Property Price Index,National,Index,105.3
2010,08,Residential Property Price Index,Dublin,Index,88.8
2010,08,Residential Property Price Index,Dublin,Index,83.0
2010,08,Residential Property Price Index,Rest Of Country,Index,89.2
2010,08,Residential Property Price Index,Rest Of Country,Index,88.5
2010,08,Residential Property Price Index,National Excluding Dublin,Index,124.5
2010,08,Residential Property Price Index,Rest Of Country,Index,155.7
2010,08,Residential Property Price Index,Rest Of Country,Index,145.5
2010,08,Residential Property Price Index,Rest Of Country,Index,143.6
2010,08,Residential Property Price Index,Rest Of Country,Index,106.3
2010,08,Residential Property Price Index,Rest Of Country,Index,147.4
2010,08,Residential Property Price Index,Rest Of Country,Index,127.6
2010,08,Residential Property Price Index,Rest Of Country,Index,117.7
2010,09,Residential Property Price Index,National,Index,104.1
2010,09,Residential Property Price Index,Dublin,Index,89.2
2010,09,Residential Property Price Index,Dublin,Index,83.6
2010,09,Residential Property Price Index,Rest Of Country,Index,90.3
2010,09,Residential Property Price Index,Rest Of Country,Index,87.7
2010,09,Residential Property Price Index,Dublin,Index,88.2
2010,09,Residential Property Price Index,National Excluding Dublin,Index,121.8
2010,09,Residential Property Price Index,Rest Of Country,Index,142.5
2010,09,Residential Property Price Index,Rest Of Country,Index,142.6
2010,09,Residential Property Price Index,Rest Of Country,Index,104.7
2010,09,Residential Property Price Index,Rest Of Country,Index,145.6
2010,09,Residential Property Price Index,Rest Of Country,Index,124.5
2010,09,Residential Property Price Index,Rest Of Country,Index,114.0
2010,10,Residential Property Price Index,National,Index,102.3
2010,10,Residential Property Price Index,Dublin,Index,87.8
2010,10,Residential Property Price Index,Dublin,Index,82.7
2010,10,Residential Property Price Index,Rest Of Country,Index,89.6
2010,10,Residential Property Price Index,Rest Of Country,Index,88.5
2010,10,Residential Property Price Index,Dublin,Index,87.0
2010,10,Residential Property Price Index,National Excluding Dublin,Index,119.6
2010,10,Residential Property Price Index,Rest Of Country,Index,151.5
2010,10,Residential Property Price Index,Rest Of Country,Index,140.3
2010,10,Residential Property Price Index,Rest Of Country,Index,139.0
2010,10,Residential Property Price Index,Rest Of Country,Index,103.1
2010,10,Residential Property Price Index,Rest Of Country,Index,144.3
2010,10,Residential Property Price Index,Rest Of Country,Index,121.4
2010,10,Residential Property Price Index,Rest Of Country,Index,111.9
2010,11,Residential Property Price Index,National,Index,100.2
2010,11,Residential Property Price Index,Rest Of Country,Index,87.8
2010,11,Residential Property Price Index,Dublin,Index,86.4
2010,11,Residential Property Price Index,National Excluding Dublin,Index,117.2
2010,11,Residential Property Price Index,Rest Of Country,Index,148.7
2010,11,Residential Property Price Index,Rest Of Country,Index,133.4
2010,11,Residential Property Price Index,Rest Of Country,Index,136.3
2010,11,Residential Property Price Index,Rest Of Country,Index,141.4
2010,11,Residential Property Price Index,Rest Of Country,Index,118.1
2010,11,Residential Property Price Index,Rest Of Country,Index,110.0
2010,12,Residential Property Price Index,National,Index,98.6
2010,12,Residential Property Price Index,Dublin,Index,84.2
2010,12,Residential Property Price Index,Dublin,Index,81.6
2010,12,Residential Property Price Index,Rest Of Country,Index,86.2
2010,12,Residential Property Price Index,Rest Of Country,Index,86.7
2010,12,Residential Property Price Index,Dublin,Index,85.5
2010,12,Residential Property Price Index,National Excluding Dublin,Index,115.7
2010,12,Residential Property Price Index,Rest Of Country,Index,131.8
2010,12,Residential Property Price Index,Rest Of Country,Index,133.4
2010,12,Residential Property Price Index,Rest Of Country,Index,142.3
2010,12,Residential Property Price Index,Rest Of Country,Index,116.1
2010,12,Residential Property Price Index,Rest Of Country,Index,107.6
2011,01,Residential Property Price Index,National,Index,97.6
2011,01,Residential Property Price Index,Dublin,Index,82.9
2011,01,Residential Property Price Index,Dublin,Index,81.8
2011,01,Residential Property Price Index,Rest Of Country,Index,82.8
2011,01,Residential Property Price Index,Rest Of Country,Index,87.1
2011,01,Residential Property Price Index,Dublin,Index,84.1
2011,01,Residential Property Price Index,National Excluding Dublin,Index,114.8
2011,01,Residential Property Price Index,Rest Of Country,Index,149.8
2011,01,Residential Property Price Index,Rest Of Country,Index,127.6
2011,01,Residential Property Price Index,Rest Of Country,Index,130.2
2011,01,Residential Property Price Index,Rest Of Country,Index,99.1
2011,01,Residential Property Price Index,Rest Of Country,Index,137.3
2011,01,Residential Property Price Index,Rest Of Country,Index,115.4
2011,01,Residential Property Price Index,Rest Of Country,Index,105.7
2011,02,Residential Property Price Index,Dublin,Index,81.1
2011,02,Residential Property Price Index,Dublin,Index,79.8
2011,02,Residential Property Price Index,Rest Of Country,Index,79.9
2011,02,Residential Property Price Index,Rest Of Country,Index,87.6
2011,02,Residential Property Price Index,Dublin,Index,83.6
2011,02,Residential Property Price Index,National Excluding Dublin,Index,112.9
2011,02,Residential Property Price Index,Rest Of Country,Index,124.1
2011,02,Residential Property Price Index,Rest Of Country,Index,125.8
2011,02,Residential Property Price Index,Rest Of Country,Index,97.8
2011,02,Residential Property Price Index,Rest Of Country,Index,134.7
2011,02,Residential Property Price Index,Rest Of Country,Index,112.8
2011,02,Residential Property Price Index,Rest Of Country,Index,104.1
2011,03,Residential Property Price Index,Dublin,Index,78.8
2011,03,Residential Property Price Index,Dublin,Index,77.9
2011,03,Residential Property Price Index,Rest Of Country,Index,76.9
2011,03,Residential Property Price Index,Rest Of Country,Index,86.2
2011,03,Residential Property Price Index,Dublin,Index,82.9
2011,03,Residential Property Price Index,National Excluding Dublin,Index,110.5
2011,03,Residential Property Price Index,Rest Of Country,Index,147.4
2011,03,Residential Property Price Index,Rest Of Country,Index,119.9
2011,03,Residential Property Price Index,Rest Of Country,Index,121.4
2011,03,Residential Property Price Index,Rest Of Country,Index,95.2
2011,03,Residential Property Price Index,Rest Of Country,Index,133.7
2011,03,Residential Property Price Index,Rest Of Country,Index,112.2
2011,03,Residential Property Price Index,Rest Of Country,Index,102.2
2011,04,Residential Property Price Index,National,Index,92.0
2011,04,Residential Property Price Index,Dublin,Index,76.4
2011,04,Residential Property Price Index,Rest Of Country,Index,75.9
2011,04,Residential Property Price Index,Dublin,Index,81.9
2011,04,Residential Property Price Index,National Excluding Dublin,Index,108.4
2011,04,Residential Property Price Index,Rest Of Country,Index,147.5
2011,04,Residential Property Price Index,Rest Of Country,Index,115.3
2011,04,Residential Property Price Index,Rest Of Country,Index,123.7
2011,04,Residential Property Price Index,Rest Of Country,Index,130.9
2011,04,Residential Property Price Index,Rest Of Country,Index,106.5
2011,04,Residential Property Price Index,Rest Of Country,Index,100.4
2011,05,Residential Property Price Index,National,Index,90.5
2011,05,Residential Property Price Index,Dublin,Index,76.9
2011,05,Residential Property Price Index,Dublin,Index,74.8
2011,05,Residential Property Price Index,Rest Of Country,Index,75.0
2011,05,Residential Property Price Index,Rest Of Country,Index,83.4
2011,05,Residential Property Price Index,Dublin,Index,80.1
2011,05,Residential Property Price Index,National Excluding Dublin,Index,106.5
2011,05,Residential Property Price Index,Rest Of Country,Index,144.4
2011,05,Residential Property Price Index,Rest Of Country,Index,122.6
2011,05,Residential Property Price Index,Rest Of Country,Index,91.7
2011,05,Residential Property Price Index,Rest Of Country,Index,126.6
2011,05,Residential Property Price Index,Rest Of Country,Index,103.6
2011,05,Residential Property Price Index,Rest Of Country,Index,99.7
2011,06,Residential Property Price Index,National,Index,89.3
2011,06,Residential Property Price Index,Dublin,Index,76.0
2011,06,Residential Property Price Index,Dublin,Index,73.7
2011,06,Residential Property Price Index,Rest Of Country,Index,73.8
2011,06,Residential Property Price Index,Rest Of Country,Index,81.9
2011,06,Residential Property Price Index,Dublin,Index,78.6
2011,06,Residential Property Price Index,National Excluding Dublin,Index,105.1
2011,06,Residential Property Price Index,Rest Of Country,Index,136.5
2011,06,Residential Property Price Index,Rest Of Country,Index,111.3
2011,06,Residential Property Price Index,Rest Of Country,Index,90.8
2011,06,Residential Property Price Index,Rest Of Country,Index,124.6
2011,06,Residential Property Price Index,Rest Of Country,Index,103.6
2011,06,Residential Property Price Index,Rest Of Country,Index,97.5
2011,07,Residential Property Price Index,National,Index,87.5
2011,07,Residential Property Price Index,Dublin,Index,74.8
2011,07,Residential Property Price Index,Dublin,Index,71.9
2011,07,Residential Property Price Index,Rest Of Country,Index,72.5
2011,07,Residential Property Price Index,Rest Of Country,Index,80.4
2011,07,Residential Property Price Index,Dublin,Index,78.3
2011,07,Residential Property Price Index,National Excluding Dublin,Index,102.5
2011,07,Residential Property Price Index,Rest Of Country,Index,108.7
2011,07,Residential Property Price Index,Rest Of Country,Index,120.1
2011,07,Residential Property Price Index,Rest Of Country,Index,88.2
2011,07,Residential Property Price Index,Rest Of Country,Index,120.3
2011,07,Residential Property Price Index,Rest Of Country,Index,101.0
2011,07,Residential Property Price Index,Rest Of Country,Index,96.1
2011,08,Residential Property Price Index,National,Index,85.4
2011,08,Residential Property Price Index,Rest Of Country,Index,78.3
2011,08,Residential Property Price Index,Dublin,Index,76.8
2011,08,Residential Property Price Index,National Excluding Dublin,Index,99.9
2011,08,Residential Property Price Index,Rest Of Country,Index,125.8
2011,08,Residential Property Price Index,Rest Of Country,Index,106.7
2011,08,Residential Property Price Index,Rest Of Country,Index,117.9
2011,08,Residential Property Price Index,Rest Of Country,Index,86.0
2011,08,Residential Property Price Index,Rest Of Country,Index,116.3
2011,08,Residential Property Price Index,Rest Of Country,Index,98.5
2011,08,Residential Property Price Index,Rest Of Country,Index,95.8
2011,09,Residential Property Price Index,National,Index,83.8
2011,09,Residential Property Price Index,Dublin,Index,71.2
2011,09,Residential Property Price Index,Dublin,Index,68.9
2011,09,Residential Property Price Index,Rest Of Country,Index,68.9
2011,09,Residential Property Price Index,Rest Of Country,Index,75.9
2011,09,Residential Property Price Index,Dublin,Index,75.2
2011,09,Residential Property Price Index,National Excluding Dublin,Index,98.5
2011,09,Residential Property Price Index,Rest Of Country,Index,120.2
2011,09,Residential Property Price Index,Rest Of Country,Index,105.0
2011,09,Residential Property Price Index,Rest Of Country,Index,119.3
2011,09,Residential Property Price Index,Rest Of Country,Index,84.0
2011,09,Residential Property Price Index,Rest Of Country,Index,114.8
2011,09,Residential Property Price Index,Rest Of Country,Index,96.1
2011,09,Residential Property Price Index,Rest Of Country,Index,94.6
2011,10,Residential Property Price Index,National,Index,82.3
2011,10,Residential Property Price Index,Dublin,Index,69.7
2011,10,Residential Property Price Index,Dublin,Index,67.2
2011,10,Residential Property Price Index,Rest Of Country,Index,67.0
2011,10,Residential Property Price Index,Rest Of Country,Index,75.3
2011,10,Residential Property Price Index,Dublin,Index,73.5
2011,10,Residential Property Price Index,National Excluding Dublin,Index,97.0
2011,10,Residential Property Price Index,Rest Of Country,Index,114.4
2011,10,Residential Property Price Index,Rest Of Country,Index,103.2
2011,10,Residential Property Price Index,Rest Of Country,Index,116.8
2011,10,Residential Property Price Index,Rest Of Country,Index,81.2
2011,10,Residential Property Price Index,Rest Of Country,Index,114.2
2011,10,Residential Property Price Index,Rest Of Country,Index,95.2
2011,10,Residential Property Price Index,Rest Of Country,Index,94.9
2011,11,Residential Property Price Index,Dublin,Index,65.5
2011,11,Residential Property Price Index,Rest Of Country,Index,65.7
2011,11,Residential Property Price Index,Rest Of Country,Index,73.2
2011,11,Residential Property Price Index,Dublin,Index,72.1
2011,11,Residential Property Price Index,National Excluding Dublin,Index,95.7
2011,11,Residential Property Price Index,Rest Of Country,Index,113.4
2011,11,Residential Property Price Index,Rest Of Country,Index,100.8
2011,11,Residential Property Price Index,Rest Of Country,Index,116.3
2011,11,Residential Property Price Index,Rest Of Country,Index,79.9
2011,11,Residential Property Price Index,Rest Of Country,Index,110.3
2011,11,Residential Property Price Index,Rest Of Country,Index,93.7
2011,11,Residential Property Price Index,Rest Of Country,Index,93.5
2011,12,Residential Property Price Index,National,Index,79.4
2011,12,Residential Property Price Index,Dublin,Index,66.8
2011,12,Residential Property Price Index,Dublin,Index,64.6
2011,12,Residential Property Price Index,Rest Of Country,Index,71.0
2011,12,Residential Property Price Index,Dublin,Index,70.6
2011,12,Residential Property Price Index,National Excluding Dublin,Index,94.2
2011,12,Residential Property Price Index,Rest Of Country,Index,113.9
2011,12,Residential Property Price Index,Rest Of Country,Index,96.7
2011,12,Residential Property Price Index,Rest Of Country,Index,114.5
2011,12,Residential Property Price Index,Rest Of Country,Index,78.2
2011,12,Residential Property Price Index,Rest Of Country,Index,110.5
2011,12,Residential Property Price Index,Rest Of Country,Index,92.0
2011,12,Residential Property Price Index,Rest Of Country,Index,91.6
2012,01,Residential Property Price Index,National,Index,78.1
2012,01,Residential Property Price Index,Dublin,Index,65.7
2012,01,Residential Property Price Index,Dublin,Index,62.6
2012,01,Residential Property Price Index,Rest Of Country,Index,64.0
2012,01,Residential Property Price Index,Rest Of Country,Index,69.9
2012,01,Residential Property Price Index,Dublin,Index,68.5
2012,01,Residential Property Price Index,National Excluding Dublin,Index,92.5
2012,01,Residential Property Price Index,Rest Of Country,Index,111.9
2012,01,Residential Property Price Index,Rest Of Country,Index,96.2
2012,01,Residential Property Price Index,Rest Of Country,Index,109.2
2012,01,Residential Property Price Index,Rest Of Country,Index,76.1
2012,01,Residential Property Price Index,Rest Of Country,Index,110.3
2012,01,Residential Property Price Index,Rest Of Country,Index,91.0
2012,01,Residential Property Price Index,Rest Of Country,Index,91.1
2012,02,Residential Property Price Index,National,Index,76.3
2012,02,Residential Property Price Index,Dublin,Index,64.0
2012,02,Residential Property Price Index,Dublin,Index,60.6
2012,02,Residential Property Price Index,Rest Of Country,Index,63.2
2012,02,Residential Property Price Index,Rest Of Country,Index,68.2
2012,02,Residential Property Price Index,Dublin,Index,66.8
2012,02,Residential Property Price Index,National Excluding Dublin,Index,90.6
2012,02,Residential Property Price Index,Rest Of Country,Index,107.8
2012,02,Residential Property Price Index,Rest Of Country,Index,94.6
2012,02,Residential Property Price Index,Rest Of Country,Index,107.7
2012,02,Residential Property Price Index,Rest Of Country,Index,74.4
2012,02,Residential Property Price Index,Rest Of Country,Index,108.3
2012,02,Residential Property Price Index,Rest Of Country,Index,88.3
2012,02,Residential Property Price Index,Rest Of Country,Index,90.2
2012,03,Residential Property Price Index,National,Index,77.0
2012,03,Residential Property Price Index,Dublin,Index,64.9
2012,03,Residential Property Price Index,Dublin,Index,59.8
2012,03,Residential Property Price Index,Rest Of Country,Index,63.9
2012,03,Residential Property Price Index,Rest Of Country,Index,69.2
2012,03,Residential Property Price Index,Dublin,Index,66.1
2012,03,Residential Property Price Index,National Excluding Dublin,Index,91.1
2012,03,Residential Property Price Index,Rest Of Country,Index,73.8
2012,03,Residential Property Price Index,Rest Of Country,Index,107.3
2012,03,Residential Property Price Index,Rest Of Country,Index,88.4
2012,03,Residential Property Price Index,Rest Of Country,Index,88.7
2012,04,Residential Property Price Index,National,Index,75.7
2012,04,Residential Property Price Index,Dublin,Index,64.6
2012,04,Residential Property Price Index,Dublin,Index,59.6
2012,04,Residential Property Price Index,Rest Of Country,Index,62.9
2012,04,Residential Property Price Index,Rest Of Country,Index,68.8
2012,04,Residential Property Price Index,Dublin,Index,65.6
2012,04,Residential Property Price Index,National Excluding Dublin,Index,88.8
2012,04,Residential Property Price Index,Rest Of Country,Index,111.3
2012,04,Residential Property Price Index,Rest Of Country,Index,96.3
2012,04,Residential Property Price Index,Rest Of Country,Index,104.4
2012,04,Residential Property Price Index,Rest Of Country,Index,72.0
2012,04,Residential Property Price Index,Rest Of Country,Index,104.6
2012,04,Residential Property Price Index,Rest Of Country,Index,87.9
2012,04,Residential Property Price Index,Rest Of Country,Index,86.6
2012,05,Residential Property Price Index,National,Index,75.5
2012,05,Residential Property Price Index,Dublin,Index,64.7
2012,05,Residential Property Price Index,Dublin,Index,59.9
2012,05,Residential Property Price Index,Rest Of Country,Index,62.8
2012,05,Residential Property Price Index,Rest Of Country,Index,67.8
2012,05,Residential Property Price Index,Dublin,Index,65.3
2012,05,Residential Property Price Index,National Excluding Dublin,Index,88.2
2012,05,Residential Property Price Index,Rest Of Country,Index,111.5
2012,05,Residential Property Price Index,Rest Of Country,Index,96.6
2012,05,Residential Property Price Index,Rest Of Country,Index,100.9
2012,05,Residential Property Price Index,Rest Of Country,Index,71.8
2012,05,Residential Property Price Index,Rest Of Country,Index,104.9
2012,05,Residential Property Price Index,Rest Of Country,Index,87.5
2012,05,Residential Property Price Index,Rest Of Country,Index,85.3
2012,06,Residential Property Price Index,National,Index,75.5
2012,06,Residential Property Price Index,Dublin,Index,65.1
2012,06,Residential Property Price Index,Dublin,Index,60.0
2012,06,Residential Property Price Index,Rest Of Country,Index,63.2
2012,06,Residential Property Price Index,Rest Of Country,Index,68.2
2012,06,Residential Property Price Index,Dublin,Index,66.0
2012,06,Residential Property Price Index,National Excluding Dublin,Index,87.5
2012,06,Residential Property Price Index,Rest Of Country,Index,107.8
2012,06,Residential Property Price Index,Rest Of Country,Index,92.9
2012,06,Residential Property Price Index,Rest Of Country,Index,101.6
2012,06,Residential Property Price Index,Rest Of Country,Index,71.8
2012,06,Residential Property Price Index,Rest Of Country,Index,103.2
2012,06,Residential Property Price Index,Rest Of Country,Index,86.9
2012,07,Residential Property Price Index,National,Index,76.2
2012,07,Residential Property Price Index,Dublin,Index,66.6
2012,07,Residential Property Price Index,Dublin,Index,60.8
2012,07,Residential Property Price Index,Rest Of Country,Index,64.7
2012,07,Residential Property Price Index,Rest Of Country,Index,69.0
2012,07,Residential Property Price Index,Dublin,Index,66.8
2012,07,Residential Property Price Index,National Excluding Dublin,Index,87.5
2012,07,Residential Property Price Index,Rest Of Country,Index,106.7
2012,07,Residential Property Price Index,Rest Of Country,Index,90.5
2012,07,Residential Property Price Index,Rest Of Country,Index,102.0
2012,07,Residential Property Price Index,Rest Of Country,Index,72.5
2012,07,Residential Property Price Index,Rest Of Country,Index,102.5
2012,07,Residential Property Price Index,Rest Of Country,Index,85.2
2012,07,Residential Property Price Index,Rest Of Country,Index,84.6
2012,08,Residential Property Price Index,National,Index,76.4
2012,08,Residential Property Price Index,Dublin,Index,67.4
2012,08,Residential Property Price Index,Dublin,Index,61.6
2012,08,Residential Property Price Index,Rest Of Country,Index,69.5
2012,08,Residential Property Price Index,Dublin,Index,66.6
2012,08,Residential Property Price Index,National Excluding Dublin,Index,86.9
2012,08,Residential Property Price Index,Rest Of Country,Index,103.0
2012,08,Residential Property Price Index,Rest Of Country,Index,90.1
2012,08,Residential Property Price Index,Rest Of Country,Index,99.9
2012,08,Residential Property Price Index,Rest Of Country,Index,73.3
2012,08,Residential Property Price Index,Rest Of Country,Index,102.0
2012,08,Residential Property Price Index,Rest Of Country,Index,84.9
2012,08,Residential Property Price Index,Rest Of Country,Index,83.7
2012,09,Residential Property Price Index,National,Index,76.9
2012,09,Residential Property Price Index,Dublin,Index,68.2
2012,09,Residential Property Price Index,Dublin,Index,63.0
2012,09,Residential Property Price Index,Rest Of Country,Index,67.7
2012,09,Residential Property Price Index,Rest Of Country,Index,70.3
2012,09,Residential Property Price Index,Dublin,Index,66.6
2012,09,Residential Property Price Index,National Excluding Dublin,Index,87.1
2012,09,Residential Property Price Index,Rest Of Country,Index,99.8
2012,09,Residential Property Price Index,Rest Of Country,Index,91.8
2012,09,Residential Property Price Index,Rest Of Country,Index,99.7
2012,09,Residential Property Price Index,Rest Of Country,Index,74.0
2012,09,Residential Property Price Index,Rest Of Country,Index,101.8
2012,09,Residential Property Price Index,Rest Of Country,Index,83.3
2012,09,Residential Property Price Index,Rest Of Country,Index,84.3
2012,10,Residential Property Price Index,National,Index,77.1
2012,10,Residential Property Price Index,Dublin,Index,68.8
2012,10,Residential Property Price Index,Dublin,Index,63.4
2012,10,Residential Property Price Index,Rest Of Country,Index,69.7
2012,10,Residential Property Price Index,Rest Of Country,Index,70.9
2012,10,Residential Property Price Index,Dublin,Index,67.4
2012,10,Residential Property Price Index,National Excluding Dublin,Index,86.8
2012,10,Residential Property Price Index,Rest Of Country,Index,100.0
2012,10,Residential Property Price Index,Rest Of Country,Index,90.0
2012,10,Residential Property Price Index,Rest Of Country,Index,98.6
2012,10,Residential Property Price Index,Rest Of Country,Index,74.7
2012,10,Residential Property Price Index,Rest Of Country,Index,100.7
2012,10,Residential Property Price Index,Rest Of Country,Index,83.5
2012,10,Residential Property Price Index,Rest Of Country,Index,84.1
2012,11,Residential Property Price Index,National,Index,76.8
2012,11,Residential Property Price Index,Dublin,Index,69.3
2012,11,Residential Property Price Index,Dublin,Index,64.3
2012,11,Residential Property Price Index,Rest Of Country,Index,70.9
2012,11,Residential Property Price Index,Rest Of Country,Index,71.5
2012,11,Residential Property Price Index,Dublin,Index,68.4
2012,11,Residential Property Price Index,National Excluding Dublin,Index,85.6
2012,11,Residential Property Price Index,Rest Of Country,Index,97.6
2012,11,Residential Property Price Index,Rest Of Country,Index,97.2
2012,11,Residential Property Price Index,Rest Of Country,Index,75.1
2012,11,Residential Property Price Index,Rest Of Country,Index,99.6
2012,11,Residential Property Price Index,Rest Of Country,Index,82.4
2012,11,Residential Property Price Index,Rest Of Country,Index,83.5
2012,12,Residential Property Price Index,National,Index,77.1
2012,12,Residential Property Price Index,Dublin,Index,70.3
2012,12,Residential Property Price Index,Dublin,Index,66.0
2012,12,Residential Property Price Index,Rest Of Country,Index,71.9
2012,12,Residential Property Price Index,Rest Of Country,Index,71.7
2012,12,Residential Property Price Index,Dublin,Index,69.6
2012,12,Residential Property Price Index,National Excluding Dublin,Index,85.2
2012,12,Residential Property Price Index,Rest Of Country,Index,96.1
2012,12,Residential Property Price Index,Rest Of Country,Index,87.3
2012,12,Residential Property Price Index,Rest Of Country,Index,75.9
2012,12,Residential Property Price Index,Rest Of Country,Index,97.5
2012,12,Residential Property Price Index,Rest Of Country,Index,82.0
2012,12,Residential Property Price Index,Rest Of Country,Index,83.7
2013,01,Residential Property Price Index,National,Index,75.5
2013,01,Residential Property Price Index,Dublin,Index,69.5
2013,01,Residential Property Price Index,Dublin,Index,65.7
2013,01,Residential Property Price Index,Rest Of Country,Index,73.0
2013,01,Residential Property Price Index,Rest Of Country,Index,71.1
2013,01,Residential Property Price Index,Dublin,Index,69.3
2013,01,Residential Property Price Index,National Excluding Dublin,Index,82.7
2013,01,Residential Property Price Index,Rest Of Country,Index,90.6
2013,01,Residential Property Price Index,Rest Of Country,Index,85.2
2013,01,Residential Property Price Index,Rest Of Country,Index,92.3
2013,01,Residential Property Price Index,Rest Of Country,Index,74.7
2013,01,Residential Property Price Index,Rest Of Country,Index,95.7
2013,01,Residential Property Price Index,Rest Of Country,Index,80.7
2013,01,Residential Property Price Index,Rest Of Country,Index,83.7
2013,02,Residential Property Price Index,National,Index,74.6
2013,02,Residential Property Price Index,Dublin,Index,68.2
2013,02,Residential Property Price Index,Dublin,Index,65.2
2013,02,Residential Property Price Index,Rest Of Country,Index,72.4
2013,02,Residential Property Price Index,Rest Of Country,Index,70.7
2013,02,Residential Property Price Index,Dublin,Index,69.8
2013,02,Residential Property Price Index,National Excluding Dublin,Index,82.2
2013,02,Residential Property Price Index,Rest Of Country,Index,88.8
2013,02,Residential Property Price Index,Rest Of Country,Index,84.9
2013,02,Residential Property Price Index,Rest Of Country,Index,91.3
2013,02,Residential Property Price Index,Rest Of Country,Index,75.5
2013,02,Residential Property Price Index,Rest Of Country,Index,95.2
2013,02,Residential Property Price Index,Rest Of Country,Index,78.8
2013,02,Residential Property Price Index,Rest Of Country,Index,82.7
2013,03,Residential Property Price Index,National,Index,73.6
2013,03,Residential Property Price Index,Dublin,Index,67.8
2013,03,Residential Property Price Index,Dublin,Index,65.6
2013,03,Residential Property Price Index,Rest Of Country,Index,72.0
2013,03,Residential Property Price Index,Rest Of Country,Index,69.7
2013,03,Residential Property Price Index,Dublin,Index,69.5
2013,03,Residential Property Price Index,National Excluding Dublin,Index,80.5
2013,03,Residential Property Price Index,Rest Of Country,Index,86.7
2013,03,Residential Property Price Index,Rest Of Country,Index,81.7
2013,03,Residential Property Price Index,Rest Of Country,Index,92.4
2013,03,Residential Property Price Index,Rest Of Country,Index,74.2
2013,03,Residential Property Price Index,Rest Of Country,Index,78.5
2013,03,Residential Property Price Index,Rest Of Country,Index,81.1
2013,04,Residential Property Price Index,National,Index,74.0
2013,04,Residential Property Price Index,Dublin,Index,68.6
2013,04,Residential Property Price Index,Dublin,Index,65.4
2013,04,Residential Property Price Index,Rest Of Country,Index,72.5
2013,04,Residential Property Price Index,Rest Of Country,Index,71.2
2013,04,Residential Property Price Index,Dublin,Index,69.9
2013,04,Residential Property Price Index,National Excluding Dublin,Index,80.4
2013,04,Residential Property Price Index,Rest Of Country,Index,87.7
2013,04,Residential Property Price Index,Rest Of Country,Index,83.1
2013,04,Residential Property Price Index,Rest Of Country,Index,93.9
2013,04,Residential Property Price Index,Rest Of Country,Index,73.4
2013,04,Residential Property Price Index,Rest Of Country,Index,87.9
2013,04,Residential Property Price Index,Rest Of Country,Index,78.1
2013,04,Residential Property Price Index,Rest Of Country,Index,80.2
2013,05,Residential Property Price Index,National,Index,74.0
2013,05,Residential Property Price Index,Dublin,Index,69.2
2013,05,Residential Property Price Index,Dublin,Index,65.4
2013,05,Residential Property Price Index,Rest Of Country,Index,72.2
2013,05,Residential Property Price Index,Rest Of Country,Index,71.5
2013,05,Residential Property Price Index,Dublin,Index,71.7
2013,05,Residential Property Price Index,National Excluding Dublin,Index,79.7
2013,05,Residential Property Price Index,Rest Of Country,Index,87.3
2013,05,Residential Property Price Index,Rest Of Country,Index,82.7
2013,05,Residential Property Price Index,Rest Of Country,Index,92.6
2013,05,Residential Property Price Index,Rest Of Country,Index,73.1
2013,05,Residential Property Price Index,Rest Of Country,Index,86.3
2013,05,Residential Property Price Index,Rest Of Country,Index,77.8
2013,05,Residential Property Price Index,Rest Of Country,Index,78.4
2013,06,Residential Property Price Index,National,Index,76.0
2013,06,Residential Property Price Index,Dublin,Index,71.9
2013,06,Residential Property Price Index,Dublin,Index,66.7
2013,06,Residential Property Price Index,Rest Of Country,Index,74.7
2013,06,Residential Property Price Index,Rest Of Country,Index,72.3
2013,06,Residential Property Price Index,Dublin,Index,72.5
2013,06,Residential Property Price Index,National Excluding Dublin,Index,80.8
2013,06,Residential Property Price Index,Rest Of Country,Index,86.8
2013,06,Residential Property Price Index,Rest Of Country,Index,84.3
2013,06,Residential Property Price Index,Rest Of Country,Index,94.8
2013,06,Residential Property Price Index,Rest Of Country,Index,72.5
2013,06,Residential Property Price Index,Rest Of Country,Index,84.6
2013,06,Residential Property Price Index,Rest Of Country,Index,77.4
2013,06,Residential Property Price Index,Rest Of Country,Index,79.8
2013,07,Residential Property Price Index,National,Index,77.9
2013,07,Residential Property Price Index,Dublin,Index,74.8
2013,07,Residential Property Price Index,Dublin,Index,68.5
2013,07,Residential Property Price Index,Rest Of Country,Index,77.5
2013,07,Residential Property Price Index,Rest Of Country,Index,73.4
2013,07,Residential Property Price Index,Dublin,Index,73.4
2013,07,Residential Property Price Index,National Excluding Dublin,Index,81.6
2013,07,Residential Property Price Index,Rest Of Country,Index,89.5
2013,07,Residential Property Price Index,Rest Of Country,Index,83.9
2013,07,Residential Property Price Index,Rest Of Country,Index,94.8
2013,07,Residential Property Price Index,Rest Of Country,Index,72.4
2013,07,Residential Property Price Index,Rest Of Country,Index,85.0
2013,07,Residential Property Price Index,Rest Of Country,Index,77.6
2013,07,Residential Property Price Index,Rest Of Country,Index,79.9
2013,08,Residential Property Price Index,National,Index,79.1
2013,08,Residential Property Price Index,Dublin,Index,76.9
2013,08,Residential Property Price Index,Dublin,Index,70.5
2013,08,Residential Property Price Index,Rest Of Country,Index,79.4
2013,08,Residential Property Price Index,Rest Of Country,Index,74.7
2013,08,Residential Property Price Index,Dublin,Index,74.9
2013,08,Residential Property Price Index,National Excluding Dublin,Index,81.7
2013,08,Residential Property Price Index,Rest Of Country,Index,89.9
2013,08,Residential Property Price Index,Rest Of Country,Index,94.7
2013,08,Residential Property Price Index,Rest Of Country,Index,72.6
2013,08,Residential Property Price Index,Rest Of Country,Index,86.9
2013,08,Residential Property Price Index,Rest Of Country,Index,76.5
2013,08,Residential Property Price Index,Rest Of Country,Index,80.4
2013,09,Residential Property Price Index,National,Index,80.4
2013,09,Residential Property Price Index,Dublin,Index,78.4
2013,09,Residential Property Price Index,Dublin,Index,72.5
2013,09,Residential Property Price Index,Rest Of Country,Index,81.0
2013,09,Residential Property Price Index,Rest Of Country,Index,76.4
2013,09,Residential Property Price Index,Dublin,Index,75.9
2013,09,Residential Property Price Index,National Excluding Dublin,Index,82.9
2013,09,Residential Property Price Index,Rest Of Country,Index,91.6
2013,09,Residential Property Price Index,Rest Of Country,Index,93.7
2013,09,Residential Property Price Index,Rest Of Country,Index,74.2
2013,09,Residential Property Price Index,Rest Of Country,Index,87.5
2013,09,Residential Property Price Index,Rest Of Country,Index,76.8
2013,09,Residential Property Price Index,Rest Of Country,Index,81.6
2013,10,Residential Property Price Index,National,Index,80.9
2013,10,Residential Property Price Index,Dublin,Index,78.8
2013,10,Residential Property Price Index,Dublin,Index,73.4
2013,10,Residential Property Price Index,Rest Of Country,Index,82.8
2013,10,Residential Property Price Index,Rest Of Country,Index,77.6
2013,10,Residential Property Price Index,Dublin,Index,76.5
2013,10,Residential Property Price Index,National Excluding Dublin,Index,83.5
2013,10,Residential Property Price Index,Rest Of Country,Index,91.5
2013,10,Residential Property Price Index,Rest Of Country,Index,80.6
2013,10,Residential Property Price Index,Rest Of Country,Index,94.1
2013,10,Residential Property Price Index,Rest Of Country,Index,74.8
2013,10,Residential Property Price Index,Rest Of Country,Index,87.7
2013,10,Residential Property Price Index,Rest Of Country,Index,78.5
2013,10,Residential Property Price Index,Rest Of Country,Index,82.4
2013,11,Residential Property Price Index,National,Index,81.1
2013,11,Residential Property Price Index,Dublin,Index,79.4
2013,11,Residential Property Price Index,Dublin,Index,74.8
2013,11,Residential Property Price Index,Rest Of Country,Index,84.8
2013,11,Residential Property Price Index,Rest Of Country,Index,77.1
2013,11,Residential Property Price Index,Dublin,Index,77.9
2013,11,Residential Property Price Index,National Excluding Dublin,Index,83.2
2013,11,Residential Property Price Index,Rest Of Country,Index,92.1
2013,11,Residential Property Price Index,Rest Of Country,Index,82.9
2013,11,Residential Property Price Index,Rest Of Country,Index,94.9
2013,11,Residential Property Price Index,Rest Of Country,Index,75.0
2013,11,Residential Property Price Index,Rest Of Country,Index,86.5
2013,11,Residential Property Price Index,Rest Of Country,Index,79.1
2013,11,Residential Property Price Index,Rest Of Country,Index,82.6
2013,12,Residential Property Price Index,Dublin,Index,80.5
2013,12,Residential Property Price Index,Dublin,Index,76.9
2013,12,Residential Property Price Index,Rest Of Country,Index,85.7
2013,12,Residential Property Price Index,Rest Of Country,Index,77.9
2013,12,Residential Property Price Index,Dublin,Index,78.9
2013,12,Residential Property Price Index,National Excluding Dublin,Index,84.1
2013,12,Residential Property Price Index,Rest Of Country,Index,91.0
2013,12,Residential Property Price Index,Rest Of Country,Index,84.2
2013,12,Residential Property Price Index,Rest Of Country,Index,94.4
2013,12,Residential Property Price Index,Rest Of Country,Index,76.2
2013,12,Residential Property Price Index,Rest Of Country,Index,87.7
2013,12,Residential Property Price Index,Rest Of Country,Index,79.4
2013,12,Residential Property Price Index,Rest Of Country,Index,84.4
2014,01,Residential Property Price Index,National,Index,81.9
2014,01,Residential Property Price Index,Dublin,Index,80.4
2014,01,Residential Property Price Index,Dublin,Index,77.5
2014,01,Residential Property Price Index,Rest Of Country,Index,87.2
2014,01,Residential Property Price Index,Rest Of Country,Index,76.7
2014,01,Residential Property Price Index,Dublin,Index,79.8
2014,01,Residential Property Price Index,National Excluding Dublin,Index,83.9
2014,01,Residential Property Price Index,Rest Of Country,Index,88.0
2014,01,Residential Property Price Index,Rest Of Country,Index,83.2
2014,01,Residential Property Price Index,Rest Of Country,Index,94.8
2014,01,Residential Property Price Index,Rest Of Country,Index,77.1
2014,01,Residential Property Price Index,Rest Of Country,Index,89.4
2014,01,Residential Property Price Index,Rest Of Country,Index,79.8
2014,01,Residential Property Price Index,Rest Of Country,Index,84.5
2014,02,Residential Property Price Index,National,Index,82.3
2014,02,Residential Property Price Index,Dublin,Index,80.9
2014,02,Residential Property Price Index,Dublin,Index,78.9
2014,02,Residential Property Price Index,Rest Of Country,Index,87.9
2014,02,Residential Property Price Index,Rest Of Country,Index,76.2
2014,02,Residential Property Price Index,Dublin,Index,80.5
2014,02,Residential Property Price Index,National Excluding Dublin,Index,84.0
2014,02,Residential Property Price Index,Rest Of Country,Index,83.6
2014,02,Residential Property Price Index,Rest Of Country,Index,93.6
2014,02,Residential Property Price Index,Rest Of Country,Index,78.0
2014,02,Residential Property Price Index,Rest Of Country,Index,89.3
2014,02,Residential Property Price Index,Rest Of Country,Index,81.2
2014,02,Residential Property Price Index,Rest Of Country,Index,84.9
2014,03,Residential Property Price Index,National,Index,82.7
2014,03,Residential Property Price Index,Dublin,Index,82.2
2014,03,Residential Property Price Index,Dublin,Index,79.5
2014,03,Residential Property Price Index,Rest Of Country,Index,88.5
2014,03,Residential Property Price Index,Rest Of Country,Index,78.3
2014,03,Residential Property Price Index,Dublin,Index,82.4
2014,03,Residential Property Price Index,National Excluding Dublin,Index,83.6
2014,03,Residential Property Price Index,Rest Of Country,Index,86.5
2014,03,Residential Property Price Index,Rest Of Country,Index,83.9
2014,03,Residential Property Price Index,Rest Of Country,Index,91.8
2014,03,Residential Property Price Index,Rest Of Country,Index,78.6
2014,03,Residential Property Price Index,Rest Of Country,Index,88.3
2014,03,Residential Property Price Index,Rest Of Country,Index,82.6
2014,03,Residential Property Price Index,Rest Of Country,Index,84.9
2014,04,Residential Property Price Index,National,Index,84.5
2014,04,Residential Property Price Index,Dublin,Index,84.7
2014,04,Residential Property Price Index,Dublin,Index,81.8
2014,04,Residential Property Price Index,Rest Of Country,Index,89.1
2014,04,Residential Property Price Index,Rest Of Country,Index,79.7
2014,04,Residential Property Price Index,Dublin,Index,85.4
2014,04,Residential Property Price Index,National Excluding Dublin,Index,84.6
2014,04,Residential Property Price Index,Rest Of Country,Index,85.6
2014,04,Residential Property Price Index,Rest Of Country,Index,93.5
2014,04,Residential Property Price Index,Rest Of Country,Index,79.3
2014,04,Residential Property Price Index,Rest Of Country,Index,87.6
2014,04,Residential Property Price Index,Rest Of Country,Index,83.0
2014,05,Residential Property Price Index,Dublin,Index,87.5
2014,05,Residential Property Price Index,Dublin,Index,84.5
2014,05,Residential Property Price Index,Rest Of Country,Index,89.2
2014,05,Residential Property Price Index,Rest Of Country,Index,83.0
2014,05,Residential Property Price Index,Dublin,Index,88.1
2014,05,Residential Property Price Index,National Excluding Dublin,Index,86.0
2014,05,Residential Property Price Index,Rest Of Country,Index,90.8
2014,05,Residential Property Price Index,Rest Of Country,Index,86.3
2014,05,Residential Property Price Index,Rest Of Country,Index,94.3
2014,05,Residential Property Price Index,Rest Of Country,Index,80.7
2014,05,Residential Property Price Index,Rest Of Country,Index,88.7
2014,05,Residential Property Price Index,Rest Of Country,Index,84.4
2014,05,Residential Property Price Index,Rest Of Country,Index,85.2
2014,06,Residential Property Price Index,National,Index,89.2
2014,06,Residential Property Price Index,Dublin,Index,91.4
2014,06,Residential Property Price Index,Rest Of Country,Index,91.9
2014,06,Residential Property Price Index,Rest Of Country,Index,86.4
2014,06,Residential Property Price Index,Dublin,Index,90.0
2014,06,Residential Property Price Index,National Excluding Dublin,Index,87.0
2014,06,Residential Property Price Index,Rest Of Country,Index,87.7
2014,06,Residential Property Price Index,Rest Of Country,Index,88.5
2014,06,Residential Property Price Index,Rest Of Country,Index,95.1
2014,06,Residential Property Price Index,Rest Of Country,Index,82.6
2014,06,Residential Property Price Index,Rest Of Country,Index,90.3
2014,06,Residential Property Price Index,Rest Of Country,Index,84.8
2014,06,Residential Property Price Index,Rest Of Country,Index,85.4
2014,07,Residential Property Price Index,National,Index,92.0
2014,07,Residential Property Price Index,Dublin,Index,95.4
2014,07,Residential Property Price Index,Dublin,Index,91.7
2014,07,Residential Property Price Index,Rest Of Country,Index,94.8
2014,07,Residential Property Price Index,Rest Of Country,Index,89.5
2014,07,Residential Property Price Index,Dublin,Index,92.9
2014,07,Residential Property Price Index,National Excluding Dublin,Index,88.4
2014,07,Residential Property Price Index,Rest Of Country,Index,87.8
2014,07,Residential Property Price Index,Rest Of Country,Index,88.4
2014,07,Residential Property Price Index,Rest Of Country,Index,95.6
2014,07,Residential Property Price Index,Rest Of Country,Index,84.5
2014,07,Residential Property Price Index,Rest Of Country,Index,90.4
2014,07,Residential Property Price Index,Rest Of Country,Index,84.7
2014,07,Residential Property Price Index,Rest Of Country,Index,87.4
2014,08,Residential Property Price Index,National,Index,93.5
2014,08,Residential Property Price Index,Dublin,Index,97.0
2014,08,Residential Property Price Index,Dublin,Index,94.0
2014,08,Residential Property Price Index,Rest Of Country,Index,97.0
2014,08,Residential Property Price Index,Rest Of Country,Index,91.4
2014,08,Residential Property Price Index,Dublin,Index,95.5
2014,08,Residential Property Price Index,National Excluding Dublin,Index,89.9
2014,08,Residential Property Price Index,Rest Of Country,Index,90.3
2014,08,Residential Property Price Index,Rest Of Country,Index,88.9
2014,08,Residential Property Price Index,Rest Of Country,Index,96.6
2014,08,Residential Property Price Index,Rest Of Country,Index,86.7
2014,08,Residential Property Price Index,Rest Of Country,Index,89.5
2014,08,Residential Property Price Index,Rest Of Country,Index,85.6
2014,08,Residential Property Price Index,Rest Of Country,Index,88.8
2014,09,Residential Property Price Index,National,Index,95.2
2014,09,Residential Property Price Index,Dublin,Index,98.7
2014,09,Residential Property Price Index,Dublin,Index,97.0
2014,09,Residential Property Price Index,Rest Of Country,Index,99.2
2014,09,Residential Property Price Index,Rest Of Country,Index,93.4
2014,09,Residential Property Price Index,Dublin,Index,97.3
2014,09,Residential Property Price Index,National Excluding Dublin,Index,91.5
2014,09,Residential Property Price Index,Rest Of Country,Index,90.9
2014,09,Residential Property Price Index,Rest Of Country,Index,90.1
2014,09,Residential Property Price Index,Rest Of Country,Index,98.4
2014,09,Residential Property Price Index,Rest Of Country,Index,88.7
2014,09,Residential Property Price Index,Rest Of Country,Index,90.2
2014,09,Residential Property Price Index,Rest Of Country,Index,87.6
2014,09,Residential Property Price Index,Rest Of Country,Index,89.9
2014,10,Residential Property Price Index,National,Index,96.2
2014,10,Residential Property Price Index,Dublin,Index,99.1
2014,10,Residential Property Price Index,Dublin,Index,98.8
2014,10,Residential Property Price Index,Rest Of Country,Index,100.5
2014,10,Residential Property Price Index,Rest Of Country,Index,94.6
2014,10,Residential Property Price Index,National Excluding Dublin,Index,93.2
2014,10,Residential Property Price Index,Rest Of Country,Index,93.2
2014,10,Residential Property Price Index,Rest Of Country,Index,91.5
2014,10,Residential Property Price Index,Rest Of Country,Index,99.3
2014,10,Residential Property Price Index,Rest Of Country,Index,90.5
2014,10,Residential Property Price Index,Rest Of Country,Index,92.0
2014,10,Residential Property Price Index,Rest Of Country,Index,89.6
2014,10,Residential Property Price Index,Rest Of Country,Index,91.4
2014,11,Residential Property Price Index,National,Index,96.6
2014,11,Residential Property Price Index,Dublin,Index,99.0
2014,11,Residential Property Price Index,Dublin,Index,100.5
2014,11,Residential Property Price Index,Rest Of Country,Index,100.8
2014,11,Residential Property Price Index,Rest Of Country,Index,95.7
2014,11,Residential Property Price Index,Dublin,Index,99.8
2014,11,Residential Property Price Index,National Excluding Dublin,Index,94.2
2014,11,Residential Property Price Index,Rest Of Country,Index,94.4
2014,11,Residential Property Price Index,Rest Of Country,Index,91.0
2014,11,Residential Property Price Index,Rest Of Country,Index,100.4
2014,11,Residential Property Price Index,Rest Of Country,Index,92.5
2014,11,Residential Property Price Index,Rest Of Country,Index,92.0
2014,11,Residential Property Price Index,Rest Of Country,Index,91.9
2014,12,Residential Property Price Index,National,Index,96.0
2014,12,Residential Property Price Index,Dublin,Index,97.7
2014,12,Residential Property Price Index,Dublin,Index,100.3
2014,12,Residential Property Price Index,Rest Of Country,Index,100.6
2014,12,Residential Property Price Index,Rest Of Country,Index,96.0
2014,12,Residential Property Price Index,Dublin,Index,99.7
2014,12,Residential Property Price Index,National Excluding Dublin,Index,94.4
2014,12,Residential Property Price Index,Rest Of Country,Index,95.2
2014,12,Residential Property Price Index,Rest Of Country,Index,91.5
2014,12,Residential Property Price Index,Rest Of Country,Index,98.6
2014,12,Residential Property Price Index,Rest Of Country,Index,93.9
2014,12,Residential Property Price Index,Rest Of Country,Index,93.0
2014,12,Residential Property Price Index,Rest Of Country,Index,93.2
2014,12,Residential Property Price Index,Rest Of Country,Index,93.8
2015,01,Residential Property Price Index,National,Index,96.3
2015,01,Residential Property Price Index,Dublin,Index,98.0
2015,01,Residential Property Price Index,Dublin,Index,100.5
2015,01,Residential Property Price Index,Rest Of Country,Index,99.8
2015,01,Residential Property Price Index,Rest Of Country,Index,97.6
2015,01,Residential Property Price Index,Dublin,Index,101.4
2015,01,Residential Property Price Index,National Excluding Dublin,Index,94.7
2015,01,Residential Property Price Index,Rest Of Country,Index,94.6
2015,01,Residential Property Price Index,Rest Of Country,Index,96.8
2015,01,Residential Property Price Index,Rest Of Country,Index,95.4
2015,01,Residential Property Price Index,Rest Of Country,Index,94.7
2015,01,Residential Property Price Index,Rest Of Country,Index,94.5
2015,01,Residential Property Price Index,Rest Of Country,Index,94.0
2015,02,Residential Property Price Index,National,Index,96.2
2015,02,Residential Property Price Index,Dublin,Index,97.9
2015,02,Residential Property Price Index,Dublin,Index,100.8
2015,02,Residential Property Price Index,Rest Of Country,Index,98.1
2015,02,Residential Property Price Index,Rest Of Country,Index,98.2
2015,02,Residential Property Price Index,Dublin,Index,102.0
2015,02,Residential Property Price Index,National Excluding Dublin,Index,94.6
2015,02,Residential Property Price Index,Rest Of Country,Index,95.0
2015,02,Residential Property Price Index,Rest Of Country,Index,95.1
2015,02,Residential Property Price Index,Rest Of Country,Index,95.7
2015,02,Residential Property Price Index,Rest Of Country,Index,96.1
2015,02,Residential Property Price Index,Rest Of Country,Index,94.1
2015,02,Residential Property Price Index,Rest Of Country,Index,95.4
2015,03,Residential Property Price Index,National,Index,96.7
2015,03,Residential Property Price Index,Dublin,Index,98.7
2015,03,Residential Property Price Index,Dublin,Index,100.2
2015,03,Residential Property Price Index,Rest Of Country,Index,99.3
2015,03,Residential Property Price Index,Rest Of Country,Index,98.5
2015,03,Residential Property Price Index,Dublin,Index,102.1
2015,03,Residential Property Price Index,National Excluding Dublin,Index,94.9
2015,03,Residential Property Price Index,Rest Of Country,Index,95.7
2015,03,Residential Property Price Index,Rest Of Country,Index,96.4
2015,03,Residential Property Price Index,Rest Of Country,Index,96.0
2015,03,Residential Property Price Index,Rest Of Country,Index,95.5
2015,03,Residential Property Price Index,Rest Of Country,Index,94.8
2015,04,Residential Property Price Index,National,Index,97.6
2015,04,Residential Property Price Index,Dublin,Index,98.7
2015,04,Residential Property Price Index,Dublin,Index,99.2
2015,04,Residential Property Price Index,Rest Of Country,Index,99.9
2015,04,Residential Property Price Index,Rest Of Country,Index,98.3
2015,04,Residential Property Price Index,Dublin,Index,101.6
2015,04,Residential Property Price Index,National Excluding Dublin,Index,96.7
2015,04,Residential Property Price Index,Rest Of Country,Index,95.9
2015,04,Residential Property Price Index,Rest Of Country,Index,95.5
2015,04,Residential Property Price Index,Rest Of Country,Index,96.9
2015,04,Residential Property Price Index,Rest Of Country,Index,97.4
2015,04,Residential Property Price Index,Rest Of Country,Index,96.6
2015,04,Residential Property Price Index,Rest Of Country,Index,96.7
2015,05,Residential Property Price Index,National,Index,98.7
2015,05,Residential Property Price Index,Dublin,Index,98.9
2015,05,Residential Property Price Index,Dublin,Index,99.1
2015,05,Residential Property Price Index,Rest Of Country,Index,99.0
2015,05,Residential Property Price Index,Rest Of Country,Index,99.4
2015,05,Residential Property Price Index,National Excluding Dublin,Index,98.4
2015,05,Residential Property Price Index,Rest Of Country,Index,96.6
2015,05,Residential Property Price Index,Rest Of Country,Index,95.8
2015,05,Residential Property Price Index,Rest Of Country,Index,98.0
2015,05,Residential Property Price Index,Rest Of Country,Index,98.4
2015,05,Residential Property Price Index,Rest Of Country,Index,99.1
2015,05,Residential Property Price Index,Rest Of Country,Index,98.2
2015,05,Residential Property Price Index,Rest Of Country,Index,98.7
2015,06,Residential Property Price Index,National,Index,100.0
2015,06,Residential Property Price Index,Dublin,Index,99.8
2015,06,Residential Property Price Index,Dublin,Index,99.3
2015,06,Residential Property Price Index,Rest Of Country,Index,99.4
2015,06,Residential Property Price Index,Rest Of Country,Index,99.9
2015,06,Residential Property Price Index,Dublin,Index,100.0
2015,06,Residential Property Price Index,National Excluding Dublin,Index,100.2
2015,06,Residential Property Price Index,Rest Of Country,Index,98.4
2015,06,Residential Property Price Index,Rest Of Country,Index,96.9
2015,06,Residential Property Price Index,Rest Of Country,Index,100.5
2015,06,Residential Property Price Index,Rest Of Country,Index,99.7
2015,06,Residential Property Price Index,Rest Of Country,Index,100.7
2015,06,Residential Property Price Index,Rest Of Country,Index,99.6
2015,07,Residential Property Price Index,National,Index,100.7
2015,07,Residential Property Price Index,Dublin,Index,100.0
2015,07,Residential Property Price Index,Dublin,Index,99.1
2015,07,Residential Property Price Index,Rest Of Country,Index,99.6
2015,07,Residential Property Price Index,Rest Of Country,Index,100.1
2015,07,Residential Property Price Index,Dublin,Index,99.5
2015,07,Residential Property Price Index,National Excluding Dublin,Index,101.3
2015,07,Residential Property Price Index,Rest Of Country,Index,99.8
2015,07,Residential Property Price Index,Rest Of Country,Index,98.1
2015,07,Residential Property Price Index,Rest Of Country,Index,101.2
2015,07,Residential Property Price Index,Rest Of Country,Index,100.9
2015,07,Residential Property Price Index,Rest Of Country,Index,102.1
2015,07,Residential Property Price Index,Rest Of Country,Index,101.0
2015,07,Residential Property Price Index,Rest Of Country,Index,100.0
2015,08,Residential Property Price Index,National,Index,101.8
2015,08,Residential Property Price Index,Dublin,Index,101.0
2015,08,Residential Property Price Index,Dublin,Index,99.7
2015,08,Residential Property Price Index,Rest Of Country,Index,99.9
2015,08,Residential Property Price Index,Rest Of Country,Index,100.7
2015,08,Residential Property Price Index,Dublin,Index,99.5
2015,08,Residential Property Price Index,National Excluding Dublin,Index,102.6
2015,08,Residential Property Price Index,Rest Of Country,Index,103.0
2015,08,Residential Property Price Index,Rest Of Country,Index,102.0
2015,08,Residential Property Price Index,Rest Of Country,Index,101.6
2015,08,Residential Property Price Index,Rest Of Country,Index,101.7
2015,08,Residential Property Price Index,Rest Of Country,Index,102.5
2015,08,Residential Property Price Index,Rest Of Country,Index,101.2
2015,09,Residential Property Price Index,National,Index,102.2
2015,09,Residential Property Price Index,Dublin,Index,100.9
2015,09,Residential Property Price Index,Dublin,Index,99.3
2015,09,Residential Property Price Index,Rest Of Country,Index,100.3
2015,09,Residential Property Price Index,Rest Of Country,Index,101.0
2015,09,Residential Property Price Index,Dublin,Index,99.5
2015,09,Residential Property Price Index,National Excluding Dublin,Index,103.3
2015,09,Residential Property Price Index,Rest Of Country,Index,104.5
2015,09,Residential Property Price Index,Rest Of Country,Index,104.3
2015,09,Residential Property Price Index,Rest Of Country,Index,101.3
2015,09,Residential Property Price Index,Rest Of Country,Index,102.5
2015,09,Residential Property Price Index,Rest Of Country,Index,103.4
2015,09,Residential Property Price Index,Rest Of Country,Index,103.6
2015,09,Residential Property Price Index,Rest Of Country,Index,102.8
2015,10,Residential Property Price Index,National,Index,103.2
2015,10,Residential Property Price Index,Dublin,Index,101.9
2015,10,Residential Property Price Index,Dublin,Index,100.5
2015,10,Residential Property Price Index,Rest Of Country,Index,100.4
2015,10,Residential Property Price Index,Rest Of Country,Index,102.3
2015,10,Residential Property Price Index,Dublin,Index,98.7
2015,10,Residential Property Price Index,National Excluding Dublin,Index,104.5
2015,10,Residential Property Price Index,Rest Of Country,Index,105.2
2015,10,Residential Property Price Index,Rest Of Country,Index,106.2
2015,10,Residential Property Price Index,Rest Of Country,Index,103.0
2015,10,Residential Property Price Index,Rest Of Country,Index,103.8
2015,10,Residential Property Price Index,Rest Of Country,Index,102.9
2015,10,Residential Property Price Index,Rest Of Country,Index,104.4
2015,10,Residential Property Price Index,Rest Of Country,Index,104.7
2015,11,Residential Property Price Index,National,Index,103.3
2015,11,Residential Property Price Index,Dublin,Index,102.3
2015,11,Residential Property Price Index,Dublin,Index,101.3
2015,11,Residential Property Price Index,Rest Of Country,Index,102.0
2015,11,Residential Property Price Index,Rest Of Country,Index,102.1
2015,11,Residential Property Price Index,Dublin,Index,97.3
2015,11,Residential Property Price Index,National Excluding Dublin,Index,104.3
2015,11,Residential Property Price Index,Rest Of Country,Index,105.1
2015,11,Residential Property Price Index,Rest Of Country,Index,106.3
2015,11,Residential Property Price Index,Rest Of Country,Index,104.3
2015,11,Residential Property Price Index,Rest Of Country,Index,103.8
2015,11,Residential Property Price Index,Rest Of Country,Index,103.6
2015,11,Residential Property Price Index,Rest Of Country,Index,104.2
2015,11,Residential Property Price Index,Rest Of Country,Index,105.6
2015,12,Residential Property Price Index,National,Index,103.3
2015,12,Residential Property Price Index,Dublin,Index,101.9
2015,12,Residential Property Price Index,Dublin,Index,101.1
2015,12,Residential Property Price Index,Rest Of Country,Index,102.4
2015,12,Residential Property Price Index,Rest Of Country,Index,101.7
2015,12,Residential Property Price Index,Dublin,Index,97.5
2015,12,Residential Property Price Index,National Excluding Dublin,Index,104.5
2015,12,Residential Property Price Index,Rest Of Country,Index,106.2
2015,12,Residential Property Price Index,Rest Of Country,Index,108.9
2015,12,Residential Property Price Index,Rest Of Country,Index,104.8
2015,12,Residential Property Price Index,Rest Of Country,Index,103.9
2015,12,Residential Property Price Index,Rest Of Country,Index,104.5
2015,12,Residential Property Price Index,Rest Of Country,Index,105.6
2016,01,Residential Property Price Index,National,Index,104.1
2016,01,Residential Property Price Index,Dublin,Index,103.3
2016,01,Residential Property Price Index,Dublin,Index,101.3
2016,01,Residential Property Price Index,Rest Of Country,Index,103.8
2016,01,Residential Property Price Index,Rest Of Country,Index,103.3
2016,01,Residential Property Price Index,Dublin,Index,99.0
2016,01,Residential Property Price Index,National Excluding Dublin,Index,104.9
2016,01,Residential Property Price Index,Rest Of Country,Index,108.2
2016,01,Residential Property Price Index,Rest Of Country,Index,110.5
2016,01,Residential Property Price Index,Rest Of Country,Index,104.7
2016,01,Residential Property Price Index,Rest Of Country,Index,102.9
2016,01,Residential Property Price Index,Rest Of Country,Index,104.8
2016,01,Residential Property Price Index,Rest Of Country,Index,108.0
2016,02,Residential Property Price Index,National,Index,103.4
2016,02,Residential Property Price Index,Dublin,Index,102.4
2016,02,Residential Property Price Index,Dublin,Index,100.8
2016,02,Residential Property Price Index,Rest Of Country,Index,103.3
2016,02,Residential Property Price Index,Dublin,Index,98.9
2016,02,Residential Property Price Index,National Excluding Dublin,Index,104.4
2016,02,Residential Property Price Index,Rest Of Country,Index,105.2
2016,02,Residential Property Price Index,Rest Of Country,Index,109.5
2016,02,Residential Property Price Index,Rest Of Country,Index,106.2
2016,02,Residential Property Price Index,Rest Of Country,Index,103.1
2016,02,Residential Property Price Index,Rest Of Country,Index,105.0
2016,02,Residential Property Price Index,Rest Of Country,Index,105.1
2016,02,Residential Property Price Index,Rest Of Country,Index,107.0
2016,03,Residential Property Price Index,National,Index,103.6
2016,03,Residential Property Price Index,Dublin,Index,102.7
2016,03,Residential Property Price Index,Dublin,Index,100.6
2016,03,Residential Property Price Index,Rest Of Country,Index,103.8
2016,03,Residential Property Price Index,Dublin,Index,98.8
2016,03,Residential Property Price Index,National Excluding Dublin,Index,104.6
2016,03,Residential Property Price Index,Rest Of Country,Index,105.5
2016,03,Residential Property Price Index,Rest Of Country,Index,110.0
2016,03,Residential Property Price Index,Rest Of Country,Index,104.5
2016,03,Residential Property Price Index,Rest Of Country,Index,103.1
2016,03,Residential Property Price Index,Rest Of Country,Index,105.7
2016,03,Residential Property Price Index,Rest Of Country,Index,107.9
2016,04,Residential Property Price Index,National,Index,104.1
2016,04,Residential Property Price Index,Dublin,Index,102.9
2016,04,Residential Property Price Index,Dublin,Index,101.2
2016,04,Residential Property Price Index,Rest Of Country,Index,104.1
2016,04,Residential Property Price Index,Dublin,Index,99.2
2016,04,Residential Property Price Index,National Excluding Dublin,Index,105.2
2016,04,Residential Property Price Index,Rest Of Country,Index,106.7
2016,04,Residential Property Price Index,Rest Of Country,Index,111.4
2016,04,Residential Property Price Index,Rest Of Country,Index,107.0
2016,04,Residential Property Price Index,Rest Of Country,Index,103.1
2016,04,Residential Property Price Index,Rest Of Country,Index,104.8
2016,04,Residential Property Price Index,Rest Of Country,Index,105.4
2016,04,Residential Property Price Index,Rest Of Country,Index,107.1
2016,05,Residential Property Price Index,National,Index,104.1
2016,05,Residential Property Price Index,Dublin,Index,102.2
2016,05,Residential Property Price Index,Dublin,Index,101.3
2016,05,Residential Property Price Index,Rest Of Country,Index,103.4
2016,05,Residential Property Price Index,Rest Of Country,Index,103.5
2016,05,Residential Property Price Index,Dublin,Index,99.0
2016,05,Residential Property Price Index,Rest Of Country,Index,107.9
2016,05,Residential Property Price Index,Rest Of Country,Index,107.4
2016,05,Residential Property Price Index,Rest Of Country,Index,102.9
2016,05,Residential Property Price Index,Rest Of Country,Index,104.3
2016,05,Residential Property Price Index,Rest Of Country,Index,104.7
2016,05,Residential Property Price Index,Rest Of Country,Index,108.4
2016,06,Residential Property Price Index,National,Index,105.0
2016,06,Residential Property Price Index,Dublin,Index,102.2
2016,06,Residential Property Price Index,Dublin,Index,101.1
2016,06,Residential Property Price Index,Rest Of Country,Index,103.4
2016,06,Residential Property Price Index,Rest Of Country,Index,103.2
2016,06,Residential Property Price Index,Dublin,Index,99.6
2016,06,Residential Property Price Index,National Excluding Dublin,Index,107.6
2016,06,Residential Property Price Index,Rest Of Country,Index,108.6
2016,06,Residential Property Price Index,Rest Of Country,Index,113.2
2016,06,Residential Property Price Index,Rest Of Country,Index,110.2
2016,06,Residential Property Price Index,Rest Of Country,Index,103.5
2016,06,Residential Property Price Index,Rest Of Country,Index,106.6
2016,06,Residential Property Price Index,Rest Of Country,Index,104.7
2016,06,Residential Property Price Index,Rest Of Country,Index,108.9
2016,07,Residential Property Price Index,National,Index,107.7
2016,07,Residential Property Price Index,Dublin,Index,104.0
2016,07,Residential Property Price Index,Dublin,Index,102.5
2016,07,Residential Property Price Index,Rest Of Country,Index,104.5
2016,07,Residential Property Price Index,Rest Of Country,Index,103.1
2016,07,Residential Property Price Index,National Excluding Dublin,Index,111.1
2016,07,Residential Property Price Index,Rest Of Country,Index,108.9
2016,07,Residential Property Price Index,Rest Of Country,Index,115.4
2016,07,Residential Property Price Index,Rest Of Country,Index,112.7
2016,07,Residential Property Price Index,Rest Of Country,Index,105.2
2016,07,Residential Property Price Index,Rest Of Country,Index,109.5
2016,07,Residential Property Price Index,Rest Of Country,Index,107.7
2016,07,Residential Property Price Index,Rest Of Country,Index,111.7
2016,08,Residential Property Price Index,National,Index,109.3
2016,08,Residential Property Price Index,Dublin,Index,105.6
2016,08,Residential Property Price Index,Dublin,Index,104.3
2016,08,Residential Property Price Index,Rest Of Country,Index,106.4
2016,08,Residential Property Price Index,Rest Of Country,Index,102.3
2016,08,Residential Property Price Index,Dublin,Index,101.6
2016,08,Residential Property Price Index,National Excluding Dublin,Index,112.6
2016,08,Residential Property Price Index,Rest Of Country,Index,109.7
2016,08,Residential Property Price Index,Rest Of Country,Index,116.3
2016,08,Residential Property Price Index,Rest Of Country,Index,114.5
2016,08,Residential Property Price Index,Rest Of Country,Index,112.0
2016,08,Residential Property Price Index,Rest Of Country,Index,111.2
2016,08,Residential Property Price Index,Rest Of Country,Index,112.3
2016,09,Residential Property Price Index,National,Index,110.6
2016,09,Residential Property Price Index,Dublin,Index,107.2
2016,09,Residential Property Price Index,Dublin,Index,106.0
2016,09,Residential Property Price Index,Rest Of Country,Index,108.2
2016,09,Residential Property Price Index,Rest Of Country,Index,102.2
2016,09,Residential Property Price Index,Dublin,Index,102.6
2016,09,Residential Property Price Index,National Excluding Dublin,Index,113.8
2016,09,Residential Property Price Index,Rest Of Country,Index,110.7
2016,09,Residential Property Price Index,Rest Of Country,Index,119.1
2016,09,Residential Property Price Index,Rest Of Country,Index,115.3
2016,09,Residential Property Price Index,Rest Of Country,Index,107.7
2016,09,Residential Property Price Index,Rest Of Country,Index,113.0
2016,09,Residential Property Price Index,Rest Of Country,Index,112.8
2016,09,Residential Property Price Index,Rest Of Country,Index,114.2
2016,10,Residential Property Price Index,National,Index,111.2
2016,10,Residential Property Price Index,Dublin,Index,107.4
2016,10,Residential Property Price Index,Dublin,Index,106.6
2016,10,Residential Property Price Index,Rest Of Country,Index,109.3
2016,10,Residential Property Price Index,Rest Of Country,Index,102.3
2016,10,Residential Property Price Index,Dublin,Index,103.0
2016,10,Residential Property Price Index,National Excluding Dublin,Index,114.7
2016,10,Residential Property Price Index,Rest Of Country,Index,111.2
2016,10,Residential Property Price Index,Rest Of Country,Index,121.6
2016,10,Residential Property Price Index,Rest Of Country,Index,116.8
2016,10,Residential Property Price Index,Rest Of Country,Index,109.7
2016,10,Residential Property Price Index,Rest Of Country,Index,112.9
2016,10,Residential Property Price Index,Rest Of Country,Index,115.3
2016,10,Residential Property Price Index,Rest Of Country,Index,114.8
2016,11,Residential Property Price Index,National,Index,112.6
2016,11,Residential Property Price Index,Dublin,Index,108.4
2016,11,Residential Property Price Index,Dublin,Index,107.7
2016,11,Residential Property Price Index,Rest Of Country,Index,110.6
2016,11,Residential Property Price Index,Rest Of Country,Index,102.9
2016,11,Residential Property Price Index,Dublin,Index,104.5
2016,11,Residential Property Price Index,National Excluding Dublin,Index,116.3
2016,11,Residential Property Price Index,Rest Of Country,Index,112.8
2016,11,Residential Property Price Index,Rest Of Country,Index,121.6
2016,11,Residential Property Price Index,Rest Of Country,Index,119.0
2016,11,Residential Property Price Index,Rest Of Country,Index,111.5
2016,11,Residential Property Price Index,Rest Of Country,Index,115.6
2016,11,Residential Property Price Index,Rest Of Country,Index,115.8
2016,11,Residential Property Price Index,Rest Of Country,Index,117.1
2016,12,Residential Property Price Index,National,Index,112.3
2016,12,Residential Property Price Index,Dublin,Index,108.2
2016,12,Residential Property Price Index,Dublin,Index,107.5
2016,12,Residential Property Price Index,Rest Of Country,Index,111.4
2016,12,Residential Property Price Index,Rest Of Country,Index,103.1
2016,12,Residential Property Price Index,Dublin,Index,106.0
2016,12,Residential Property Price Index,National Excluding Dublin,Index,116.0
2016,12,Residential Property Price Index,Rest Of Country,Index,113.2
2016,12,Residential Property Price Index,Rest Of Country,Index,122.2
2016,12,Residential Property Price Index,Rest Of Country,Index,120.1
2016,12,Residential Property Price Index,Rest Of Country,Index,112.5
2016,12,Residential Property Price Index,Rest Of Country,Index,115.1
2016,12,Residential Property Price Index,Rest Of Country,Index,118.1
2016,12,Residential Property Price Index,Rest Of Country,Index,116.8
2017,01,Residential Property Price Index,National,Index,112.9
2017,01,Residential Property Price Index,Dublin,Index,108.7
2017,01,Residential Property Price Index,Dublin,Index,108.5
2017,01,Residential Property Price Index,Rest Of Country,Index,112.2
2017,01,Residential Property Price Index,Rest Of Country,Index,103.1
2017,01,Residential Property Price Index,Dublin,Index,106.8
2017,01,Residential Property Price Index,National Excluding Dublin,Index,116.7
2017,01,Residential Property Price Index,Rest Of Country,Index,121.9
2017,01,Residential Property Price Index,Rest Of Country,Index,113.2
2017,01,Residential Property Price Index,Rest Of Country,Index,115.2
2017,01,Residential Property Price Index,Rest Of Country,Index,120.7
2017,01,Residential Property Price Index,Rest Of Country,Index,117.9
2017,02,Residential Property Price Index,National,Index,113.2
2017,02,Residential Property Price Index,Dublin,Index,109.1
2017,02,Residential Property Price Index,Rest Of Country,Index,112.3
2017,02,Residential Property Price Index,Rest Of Country,Index,104.4
2017,02,Residential Property Price Index,Dublin,Index,107.0
2017,02,Residential Property Price Index,National Excluding Dublin,Index,117.0
2017,02,Residential Property Price Index,Rest Of Country,Index,118.1
2017,02,Residential Property Price Index,Rest Of Country,Index,121.4
2017,02,Residential Property Price Index,Rest Of Country,Index,123.3
2017,02,Residential Property Price Index,Rest Of Country,Index,114.4
2017,02,Residential Property Price Index,Rest Of Country,Index,115.0
2017,02,Residential Property Price Index,Rest Of Country,Index,121.0
2017,02,Residential Property Price Index,Rest Of Country,Index,117.2
2017,03,Residential Property Price Index,National,Index,113.8
2017,03,Residential Property Price Index,Dublin,Index,109.9
2017,03,Residential Property Price Index,Rest Of Country,Index,112.7
2017,03,Residential Property Price Index,Rest Of Country,Index,105.7
2017,03,Residential Property Price Index,Dublin,Index,108.0
2017,03,Residential Property Price Index,National Excluding Dublin,Index,117.1
2017,03,Residential Property Price Index,Rest Of Country,Index,117.4
2017,03,Residential Property Price Index,Rest Of Country,Index,124.6
2017,03,Residential Property Price Index,Rest Of Country,Index,121.8
2017,03,Residential Property Price Index,Rest Of Country,Index,114.8
2017,03,Residential Property Price Index,Rest Of Country,Index,114.2
2017,03,Residential Property Price Index,Rest Of Country,Index,120.7
2017,03,Residential Property Price Index,Rest Of Country,Index,118.9
2017,04,Residential Property Price Index,National,Index,114.2
2017,04,Residential Property Price Index,Dublin,Index,109.3
2017,04,Residential Property Price Index,Dublin,Index,108.9
2017,04,Residential Property Price Index,Rest Of Country,Index,111.8
2017,04,Residential Property Price Index,Rest Of Country,Index,106.4
2017,04,Residential Property Price Index,Dublin,Index,109.6
2017,04,Residential Property Price Index,National Excluding Dublin,Index,118.8
2017,04,Residential Property Price Index,Rest Of Country,Index,117.4
2017,04,Residential Property Price Index,Rest Of Country,Index,126.8
2017,04,Residential Property Price Index,Rest Of Country,Index,123.9
2017,04,Residential Property Price Index,Rest Of Country,Index,116.1
2017,04,Residential Property Price Index,Rest Of Country,Index,114.7
2017,04,Residential Property Price Index,Rest Of Country,Index,120.7
2017,04,Residential Property Price Index,Rest Of Country,Index,120.3
2017,05,Residential Property Price Index,National,Index,115.7
2017,05,Residential Property Price Index,Dublin,Index,111.7
2017,05,Residential Property Price Index,Dublin,Index,110.5
2017,05,Residential Property Price Index,Rest Of Country,Index,113.1
2017,05,Residential Property Price Index,Rest Of Country,Index,108.5
2017,05,Residential Property Price Index,Dublin,Index,110.4
2017,05,Residential Property Price Index,National Excluding Dublin,Index,119.3
2017,05,Residential Property Price Index,Rest Of Country,Index,119.2
2017,05,Residential Property Price Index,Rest Of Country,Index,125.4
2017,05,Residential Property Price Index,Rest Of Country,Index,123.9
2017,05,Residential Property Price Index,Rest Of Country,Index,115.6
2017,05,Residential Property Price Index,Rest Of Country,Index,115.5
2017,05,Residential Property Price Index,Rest Of Country,Index,121.6
2017,05,Residential Property Price Index,Rest Of Country,Index,122.0
2017,06,Residential Property Price Index,National,Index,117.4
2017,06,Residential Property Price Index,Dublin,Index,113.8
2017,06,Residential Property Price Index,Dublin,Index,113.1
2017,06,Residential Property Price Index,Rest Of Country,Index,113.8
2017,06,Residential Property Price Index,Rest Of Country,Index,109.3
2017,06,Residential Property Price Index,Dublin,Index,111.8
2017,06,Residential Property Price Index,National Excluding Dublin,Index,120.6
2017,06,Residential Property Price Index,Rest Of Country,Index,119.0
2017,06,Residential Property Price Index,Rest Of Country,Index,128.5
2017,06,Residential Property Price Index,Rest Of Country,Index,125.8
2017,06,Residential Property Price Index,Rest Of Country,Index,116.5
2017,06,Residential Property Price Index,Rest Of Country,Index,122.5
2017,07,Residential Property Price Index,National,Index,120.3
2017,07,Residential Property Price Index,Dublin,Index,116.3
2017,07,Residential Property Price Index,Dublin,Index,115.6
2017,07,Residential Property Price Index,Rest Of Country,Index,115.2
2017,07,Residential Property Price Index,Rest Of Country,Index,111.0
2017,07,Residential Property Price Index,Dublin,Index,113.4
2017,07,Residential Property Price Index,National Excluding Dublin,Index,123.9
2017,07,Residential Property Price Index,Rest Of Country,Index,119.5
2017,07,Residential Property Price Index,Rest Of Country,Index,131.2
2017,07,Residential Property Price Index,Rest Of Country,Index,129.7
2017,07,Residential Property Price Index,Rest Of Country,Index,117.8
2017,07,Residential Property Price Index,Rest Of Country,Index,119.2
2017,07,Residential Property Price Index,Rest Of Country,Index,122.3
2017,07,Residential Property Price Index,Rest Of Country,Index,126.0
2017,08,Residential Property Price Index,National,Index,121.9
2017,08,Residential Property Price Index,Dublin,Index,117.8
2017,08,Residential Property Price Index,Dublin,Index,117.5
2017,08,Residential Property Price Index,Rest Of Country,Index,116.6
2017,08,Residential Property Price Index,Rest Of Country,Index,112.3
2017,08,Residential Property Price Index,Dublin,Index,115.0
2017,08,Residential Property Price Index,National Excluding Dublin,Index,125.6
2017,08,Residential Property Price Index,Rest Of Country,Index,121.5
2017,08,Residential Property Price Index,Rest Of Country,Index,132.8
2017,08,Residential Property Price Index,Rest Of Country,Index,132.0
2017,08,Residential Property Price Index,Rest Of Country,Index,118.9
2017,08,Residential Property Price Index,Rest Of Country,Index,121.9
2017,08,Residential Property Price Index,Rest Of Country,Index,123.5
2017,08,Residential Property Price Index,Rest Of Country,Index,127.3
2017,09,Residential Property Price Index,National,Index,123.6
2017,09,Residential Property Price Index,Dublin,Index,119.0
2017,09,Residential Property Price Index,Dublin,Index,119.3
2017,09,Residential Property Price Index,Rest Of Country,Index,118.1
2017,09,Residential Property Price Index,Rest Of Country,Index,113.1
2017,09,Residential Property Price Index,Dublin,Index,116.6
2017,09,Residential Property Price Index,National Excluding Dublin,Index,127.9
2017,09,Residential Property Price Index,Rest Of Country,Index,123.4
2017,09,Residential Property Price Index,Rest Of Country,Index,134.2
2017,09,Residential Property Price Index,Rest Of Country,Index,134.1
2017,09,Residential Property Price Index,Rest Of Country,Index,121.4
2017,09,Residential Property Price Index,Rest Of Country,Index,123.8
2017,09,Residential Property Price Index,Rest Of Country,Index,125.4
2017,09,Residential Property Price Index,Rest Of Country,Index,128.9
2017,10,Residential Property Price Index,National,Index,124.0
2017,10,Residential Property Price Index,Dublin,Index,119.6
2017,10,Residential Property Price Index,Dublin,Index,120.6
2017,10,Residential Property Price Index,Rest Of Country,Index,119.9
2017,10,Residential Property Price Index,Rest Of Country,Index,113.8
2017,10,Residential Property Price Index,Dublin,Index,117.0
2017,10,Residential Property Price Index,National Excluding Dublin,Index,128.0
2017,10,Residential Property Price Index,Rest Of Country,Index,123.1
2017,10,Residential Property Price Index,Rest Of Country,Index,132.8
2017,10,Residential Property Price Index,Rest Of Country,Index,135.8
2017,10,Residential Property Price Index,Rest Of Country,Index,123.2
2017,10,Residential Property Price Index,Rest Of Country,Index,123.8
2017,10,Residential Property Price Index,Rest Of Country,Index,127.8
2017,10,Residential Property Price Index,Rest Of Country,Index,129.1
2017,11,Residential Property Price Index,National,Index,125.0
2017,11,Residential Property Price Index,Dublin,Index,119.9
2017,11,Residential Property Price Index,Dublin,Index,121.5
2017,11,Residential Property Price Index,Rest Of Country,Index,120.6
2017,11,Residential Property Price Index,Rest Of Country,Index,115.5
2017,11,Residential Property Price Index,Dublin,Index,117.3
2017,11,Residential Property Price Index,National Excluding Dublin,Index,129.8
2017,11,Residential Property Price Index,Rest Of Country,Index,134.4
2017,11,Residential Property Price Index,Rest Of Country,Index,137.9
2017,11,Residential Property Price Index,Rest Of Country,Index,124.1
2017,11,Residential Property Price Index,Rest Of Country,Index,125.7
2017,11,Residential Property Price Index,Rest Of Country,Index,129.1
2017,11,Residential Property Price Index,Rest Of Country,Index,131.4
2017,12,Residential Property Price Index,National,Index,125.4
2017,12,Residential Property Price Index,Dublin,Index,119.9
2017,12,Residential Property Price Index,Dublin,Index,121.4
2017,12,Residential Property Price Index,Rest Of Country,Index,121.5
2017,12,Residential Property Price Index,Rest Of Country,Index,116.5
2017,12,Residential Property Price Index,Dublin,Index,118.0
2017,12,Residential Property Price Index,National Excluding Dublin,Index,130.6
2017,12,Residential Property Price Index,Rest Of Country,Index,129.8
2017,12,Residential Property Price Index,Rest Of Country,Index,135.6
2017,12,Residential Property Price Index,Rest Of Country,Index,140.4
2017,12,Residential Property Price Index,Rest Of Country,Index,125.6
2017,12,Residential Property Price Index,Rest Of Country,Index,127.2
2017,12,Residential Property Price Index,Rest Of Country,Index,130.5
2017,12,Residential Property Price Index,Rest Of Country,Index,131.3
2018,01,Residential Property Price Index,National,Index,126.3
2018,01,Residential Property Price Index,Dublin,Index,120.8
2018,01,Residential Property Price Index,Dublin,Index,122.6
2018,01,Residential Property Price Index,Rest Of Country,Index,122.1
2018,01,Residential Property Price Index,Rest Of Country,Index,117.4
2018,01,Residential Property Price Index,Dublin,Index,119.0
2018,01,Residential Property Price Index,National Excluding Dublin,Index,131.3
2018,01,Residential Property Price Index,Rest Of Country,Index,130.1
2018,01,Residential Property Price Index,Rest Of Country,Index,136.8
2018,01,Residential Property Price Index,Rest Of Country,Index,141.5
2018,01,Residential Property Price Index,Rest Of Country,Index,126.1
2018,01,Residential Property Price Index,Rest Of Country,Index,129.7
2018,01,Residential Property Price Index,Rest Of Country,Index,131.3
2018,01,Residential Property Price Index,Rest Of Country,Index,133.0
2018,02,Residential Property Price Index,National,Index,127.2
2018,02,Residential Property Price Index,Dublin,Index,124.5
2018,02,Residential Property Price Index,Rest Of Country,Index,123.1
2018,02,Residential Property Price Index,Rest Of Country,Index,119.3
2018,02,Residential Property Price Index,Dublin,Index,118.7
2018,02,Residential Property Price Index,National Excluding Dublin,Index,131.5
2018,02,Residential Property Price Index,Rest Of Country,Index,129.3
2018,02,Residential Property Price Index,Rest Of Country,Index,138.9
2018,02,Residential Property Price Index,Rest Of Country,Index,141.7
2018,02,Residential Property Price Index,Rest Of Country,Index,127.6
2018,02,Residential Property Price Index,Rest Of Country,Index,131.1
2018,02,Residential Property Price Index,Rest Of Country,Index,131.3
2018,02,Residential Property Price Index,Rest Of Country,Index,132.7
2018,03,Residential Property Price Index,National,Index,127.9
2018,03,Residential Property Price Index,Dublin,Index,122.5
2018,03,Residential Property Price Index,Dublin,Index,125.4
2018,03,Residential Property Price Index,Rest Of Country,Index,123.0
2018,03,Residential Property Price Index,Rest Of Country,Index,119.8
2018,03,Residential Property Price Index,Dublin,Index,118.3
2018,03,Residential Property Price Index,National Excluding Dublin,Index,132.9
2018,03,Residential Property Price Index,Rest Of Country,Index,128.2
2018,03,Residential Property Price Index,Rest Of Country,Index,141.5
2018,03,Residential Property Price Index,Rest Of Country,Index,143.3
2018,03,Residential Property Price Index,Rest Of Country,Index,129.1
2018,03,Residential Property Price Index,Rest Of Country,Index,133.4
2018,03,Residential Property Price Index,Rest Of Country,Index,133.6
2018,03,Residential Property Price Index,Rest Of Country,Index,132.8
2018,04,Residential Property Price Index,National,Index,128.9
2018,04,Residential Property Price Index,Dublin,Index,122.7
2018,04,Residential Property Price Index,Dublin,Index,125.6
2018,04,Residential Property Price Index,Rest Of Country,Index,123.8
2018,04,Residential Property Price Index,Rest Of Country,Index,120.3
2018,04,Residential Property Price Index,Dublin,Index,117.6
2018,04,Residential Property Price Index,National Excluding Dublin,Index,134.6
2018,04,Residential Property Price Index,Rest Of Country,Index,126.8
2018,04,Residential Property Price Index,Rest Of Country,Index,143.5
2018,04,Residential Property Price Index,Rest Of Country,Index,144.6
2018,04,Residential Property Price Index,Rest Of Country,Index,130.0
2018,04,Residential Property Price Index,Rest Of Country,Index,136.3
2018,04,Residential Property Price Index,Rest Of Country,Index,136.0
2018,04,Residential Property Price Index,Rest Of Country,Index,134.2
2018,05,Residential Property Price Index,National,Index,129.6
2018,05,Residential Property Price Index,Dublin,Index,123.3
2018,05,Residential Property Price Index,Dublin,Index,126.3
2018,05,Residential Property Price Index,Rest Of Country,Index,124.9
2018,05,Residential Property Price Index,Rest Of Country,Index,120.0
2018,05,Residential Property Price Index,Dublin,Index,118.0
2018,05,Residential Property Price Index,National Excluding Dublin,Index,135.4
2018,05,Residential Property Price Index,Rest Of Country,Index,123.3
2018,05,Residential Property Price Index,Rest Of Country,Index,143.3
2018,05,Residential Property Price Index,Rest Of Country,Index,145.6
2018,05,Residential Property Price Index,Rest Of Country,Index,130.9
2018,05,Residential Property Price Index,Rest Of Country,Index,139.5
2018,05,Residential Property Price Index,Rest Of Country,Index,134.1
2018,05,Residential Property Price Index,Rest Of Country,Index,136.7
2018,06,Residential Property Price Index,National,Index,130.9
2018,06,Residential Property Price Index,Dublin,Index,125.9
2018,06,Residential Property Price Index,Rest Of Country,Index,125.0
2018,06,Residential Property Price Index,Rest Of Country,Index,120.0
2018,06,Residential Property Price Index,Dublin,Index,118.4
2018,06,Residential Property Price Index,National Excluding Dublin,Index,138.3
2018,06,Residential Property Price Index,Rest Of Country,Index,124.5
2018,06,Residential Property Price Index,Rest Of Country,Index,144.6
2018,06,Residential Property Price Index,Rest Of Country,Index,147.6
2018,06,Residential Property Price Index,Rest Of Country,Index,132.4
2018,06,Residential Property Price Index,Rest Of Country,Index,143.8
2018,06,Residential Property Price Index,Rest Of Country,Index,134.6
2018,06,Residential Property Price Index,Rest Of Country,Index,139.9
2018,07,Residential Property Price Index,National,Index,131.8
2018,07,Residential Property Price Index,Dublin,Index,124.2
2018,07,Residential Property Price Index,Dublin,Index,126.3
2018,07,Residential Property Price Index,Rest Of Country,Index,126.7
2018,07,Residential Property Price Index,Rest Of Country,Index,119.5
2018,07,Residential Property Price Index,Dublin,Index,119.4
2018,07,Residential Property Price Index,National Excluding Dublin,Index,139.0
2018,07,Residential Property Price Index,Rest Of Country,Index,125.0
2018,07,Residential Property Price Index,Rest Of Country,Index,146.6
2018,07,Residential Property Price Index,Rest Of Country,Index,149.9
2018,07,Residential Property Price Index,Rest Of Country,Index,132.6
2018,07,Residential Property Price Index,Rest Of Country,Index,146.0
2018,07,Residential Property Price Index,Rest Of Country,Index,135.2
2018,07,Residential Property Price Index,Rest Of Country,Index,140.6
2018,08,Residential Property Price Index,National,Index,132.4
2018,08,Residential Property Price Index,Dublin,Index,125.1
2018,08,Residential Property Price Index,Dublin,Index,126.7
2018,08,Residential Property Price Index,Rest Of Country,Index,127.9
2018,08,Residential Property Price Index,Rest Of Country,Index,118.8
2018,08,Residential Property Price Index,Dublin,Index,120.9
2018,08,Residential Property Price Index,National Excluding Dublin,Index,139.4
2018,08,Residential Property Price Index,Rest Of Country,Index,128.0
2018,08,Residential Property Price Index,Rest Of Country,Index,146.6
2018,08,Residential Property Price Index,Rest Of Country,Index,150.5
2018,08,Residential Property Price Index,Rest Of Country,Index,132.9
2018,08,Residential Property Price Index,Rest Of Country,Index,147.9
2018,08,Residential Property Price Index,Rest Of Country,Index,137.1
2018,08,Residential Property Price Index,Rest Of Country,Index,140.7
2018,09,Residential Property Price Index,National,Index,133.8
2018,09,Residential Property Price Index,Dublin,Index,126.2
2018,09,Residential Property Price Index,Dublin,Index,127.5
2018,09,Residential Property Price Index,Rest Of Country,Index,119.6
2018,09,Residential Property Price Index,Dublin,Index,121.8
2018,09,Residential Property Price Index,National Excluding Dublin,Index,140.9
2018,09,Residential Property Price Index,Rest Of Country,Index,131.1
2018,09,Residential Property Price Index,Rest Of Country,Index,149.8
2018,09,Residential Property Price Index,Rest Of Country,Index,153.3
2018,09,Residential Property Price Index,Rest Of Country,Index,139.0
2018,09,Residential Property Price Index,Rest Of Country,Index,141.4
2018,10,Residential Property Price Index,National,Index,134.3
2018,10,Residential Property Price Index,Dublin,Index,126.9
2018,10,Residential Property Price Index,Dublin,Index,127.6
2018,10,Residential Property Price Index,Rest Of Country,Index,129.3
2018,10,Residential Property Price Index,Rest Of Country,Index,121.0
2018,10,Residential Property Price Index,Dublin,Index,122.5
2018,10,Residential Property Price Index,National Excluding Dublin,Index,141.1
2018,10,Residential Property Price Index,Rest Of Country,Index,134.0
2018,10,Residential Property Price Index,Rest Of Country,Index,151.5
2018,10,Residential Property Price Index,Rest Of Country,Index,154.2
2018,10,Residential Property Price Index,Rest Of Country,Index,133.5
2018,10,Residential Property Price Index,Rest Of Country,Index,150.0
2018,10,Residential Property Price Index,Rest Of Country,Index,140.1
2018,11,Residential Property Price Index,National,Index,133.7
2018,11,Residential Property Price Index,Dublin,Index,125.9
2018,11,Residential Property Price Index,Dublin,Index,127.1
2018,11,Residential Property Price Index,Rest Of Country,Index,128.9
2018,11,Residential Property Price Index,Dublin,Index,122.7
2018,11,Residential Property Price Index,National Excluding Dublin,Index,141.0
2018,11,Residential Property Price Index,Rest Of Country,Index,134.5
2018,11,Residential Property Price Index,Rest Of Country,Index,151.0
2018,11,Residential Property Price Index,Rest Of Country,Index,153.9
2018,11,Residential Property Price Index,Rest Of Country,Index,133.4
2018,11,Residential Property Price Index,Rest Of Country,Index,151.9
2018,11,Residential Property Price Index,Rest Of Country,Index,140.9
2018,11,Residential Property Price Index,Rest Of Country,Index,141.9
2018,12,Residential Property Price Index,National,Index,133.3
2018,12,Residential Property Price Index,Dublin,Index,124.8
2018,12,Residential Property Price Index,Dublin,Index,126.3
2018,12,Residential Property Price Index,Rest Of Country,Index,127.7
2018,12,Residential Property Price Index,Rest Of Country,Index,120.5
2018,12,Residential Property Price Index,Dublin,Index,123.3
2018,12,Residential Property Price Index,National Excluding Dublin,Index,141.3
2018,12,Residential Property Price Index,Rest Of Country,Index,137.3
2018,12,Residential Property Price Index,Rest Of Country,Index,150.7
2018,12,Residential Property Price Index,Rest Of Country,Index,155.5
2018,12,Residential Property Price Index,Rest Of Country,Index,132.9
2018,12,Residential Property Price Index,Rest Of Country,Index,150.4
2018,12,Residential Property Price Index,Rest Of Country,Index,141.8
2018,12,Residential Property Price Index,Rest Of Country,Index,143.1
2019,01,Residential Property Price Index,National,Index,132.6
2019,01,Residential Property Price Index,Dublin,Index,124.2
2019,01,Residential Property Price Index,Dublin,Index,126.5
2019,01,Residential Property Price Index,Rest Of Country,Index,126.6
2019,01,Residential Property Price Index,Rest Of Country,Index,120.0
2019,01,Residential Property Price Index,Dublin,Index,123.0
2019,01,Residential Property Price Index,National Excluding Dublin,Index,140.5
2019,01,Residential Property Price Index,Rest Of Country,Index,136.1
2019,01,Residential Property Price Index,Rest Of Country,Index,150.7
2019,01,Residential Property Price Index,Rest Of Country,Index,153.7
2019,01,Residential Property Price Index,Rest Of Country,Index,132.3
2019,01,Residential Property Price Index,Rest Of Country,Index,150.4
2019,01,Residential Property Price Index,Rest Of Country,Index,142.7
2019,01,Residential Property Price Index,Rest Of Country,Index,143.0
2019,02,Residential Property Price Index,National,Index,132.5
2019,02,Residential Property Price Index,Dublin,Index,124.0
2019,02,Residential Property Price Index,Dublin,Index,126.6
2019,02,Residential Property Price Index,Rest Of Country,Index,125.1
2019,02,Residential Property Price Index,Rest Of Country,Index,120.7
2019,02,Residential Property Price Index,Dublin,Index,122.6
2019,02,Residential Property Price Index,National Excluding Dublin,Index,140.6
2019,02,Residential Property Price Index,Rest Of Country,Index,136.5
2019,02,Residential Property Price Index,Rest Of Country,Index,151.8
2019,02,Residential Property Price Index,Rest Of Country,Index,154.1
2019,02,Residential Property Price Index,Rest Of Country,Index,131.5
2019,02,Residential Property Price Index,Rest Of Country,Index,150.4
2019,02,Residential Property Price Index,Rest Of Country,Index,145.1
2019,02,Residential Property Price Index,Rest Of Country,Index,142.2
2019,03,Residential Property Price Index,National,Index,132.7
2019,03,Residential Property Price Index,Dublin,Index,123.1
2019,03,Residential Property Price Index,Dublin,Index,125.7
2019,03,Residential Property Price Index,Rest Of Country,Index,123.4
2019,03,Residential Property Price Index,Rest Of Country,Index,120.2
2019,03,Residential Property Price Index,Dublin,Index,122.6
2019,03,Residential Property Price Index,National Excluding Dublin,Index,141.8
2019,03,Residential Property Price Index,Rest Of Country,Index,139.6
2019,03,Residential Property Price Index,Rest Of Country,Index,153.6
2019,03,Residential Property Price Index,Rest Of Country,Index,157.0
2019,03,Residential Property Price Index,Rest Of Country,Index,131.7
2019,03,Residential Property Price Index,Rest Of Country,Index,148.8
2019,03,Residential Property Price Index,Rest Of Country,Index,145.3
2019,03,Residential Property Price Index,Rest Of Country,Index,142.4
2019,04,Residential Property Price Index,National,Index,132.8
2019,04,Residential Property Price Index,Dublin,Index,122.8
2019,04,Residential Property Price Index,Dublin,Index,125.2
2019,04,Residential Property Price Index,Rest Of Country,Index,122.3
2019,04,Residential Property Price Index,Rest Of Country,Index,119.8
2019,04,Residential Property Price Index,Dublin,Index,122.6
2019,04,Residential Property Price Index,National Excluding Dublin,Index,142.2
2019,04,Residential Property Price Index,Rest Of Country,Index,140.3
2019,04,Residential Property Price Index,Rest Of Country,Index,154.6
2019,04,Residential Property Price Index,Rest Of Country,Index,158.5
2019,04,Residential Property Price Index,Rest Of Country,Index,131.7
2019,04,Residential Property Price Index,Rest Of Country,Index,148.2
2019,04,Residential Property Price Index,Rest Of Country,Index,142.3
2019,05,Residential Property Price Index,National,Index,133.1
2019,05,Residential Property Price Index,Dublin,Index,123.0
2019,05,Residential Property Price Index,Dublin,Index,124.3
2019,05,Residential Property Price Index,Rest Of Country,Index,121.2
2019,05,Residential Property Price Index,Rest Of Country,Index,121.3
2019,05,Residential Property Price Index,Dublin,Index,122.6
2019,05,Residential Property Price Index,National Excluding Dublin,Index,142.7
2019,05,Residential Property Price Index,Rest Of Country,Index,142.1
2019,05,Residential Property Price Index,Rest Of Country,Index,154.8
2019,05,Residential Property Price Index,Rest Of Country,Index,160.0
2019,05,Residential Property Price Index,Rest Of Country,Index,132.0
2019,05,Residential Property Price Index,Rest Of Country,Index,147.8
2019,05,Residential Property Price Index,Rest Of Country,Index,144.1
2019,05,Residential Property Price Index,Rest Of Country,Index,142.5
2019,06,Residential Property Price Index,National,Index,133.6
2019,06,Residential Property Price Index,Dublin,Index,123.2
2019,06,Residential Property Price Index,Dublin,Index,124.3
2019,06,Residential Property Price Index,Rest Of Country,Index,120.2
2019,06,Residential Property Price Index,Rest Of Country,Index,121.5
2019,06,Residential Property Price Index,Dublin,Index,122.5
2019,06,Residential Property Price Index,National Excluding Dublin,Index,143.6
2019,06,Residential Property Price Index,Rest Of Country,Index,142.3
2019,06,Residential Property Price Index,Rest Of Country,Index,154.6
2019,06,Residential Property Price Index,Rest Of Country,Index,160.3
2019,06,Residential Property Price Index,Rest Of Country,Index,132.5
2019,06,Residential Property Price Index,Rest Of Country,Index,149.1
2019,06,Residential Property Price Index,Rest Of Country,Index,144.5
2019,06,Residential Property Price Index,Rest Of Country,Index,143.2
2019,07,Residential Property Price Index,National,Index,134.6
2019,07,Residential Property Price Index,Dublin,Index,123.7
2019,07,Residential Property Price Index,Dublin,Index,124.9
2019,07,Residential Property Price Index,Rest Of Country,Index,119.4
2019,07,Residential Property Price Index,Rest Of Country,Index,121.4
2019,07,Residential Property Price Index,Dublin,Index,122.9
2019,07,Residential Property Price Index,National Excluding Dublin,Index,145.0
2019,07,Residential Property Price Index,Rest Of Country,Index,144.3
2019,07,Residential Property Price Index,Rest Of Country,Index,152.0
2019,07,Residential Property Price Index,Rest Of Country,Index,161.9
2019,07,Residential Property Price Index,Rest Of Country,Index,133.1
2019,07,Residential Property Price Index,Rest Of Country,Index,151.8
2019,07,Residential Property Price Index,Rest Of Country,Index,145.6
2019,07,Residential Property Price Index,Rest Of Country,Index,144.2
2019,08,Residential Property Price Index,National,Index,134.9
2019,08,Residential Property Price Index,Dublin,Index,124.1
2019,08,Residential Property Price Index,Dublin,Index,125.5
2019,08,Residential Property Price Index,Rest Of Country,Index,119.7
2019,08,Residential Property Price Index,Rest Of Country,Index,121.3
2019,08,Residential Property Price Index,Dublin,Index,122.5
2019,08,Residential Property Price Index,National Excluding Dublin,Index,145.3
2019,08,Residential Property Price Index,Rest Of Country,Index,144.4
2019,08,Residential Property Price Index,Rest Of Country,Index,154.2
2019,08,Residential Property Price Index,Rest Of Country,Index,162.7
2019,08,Residential Property Price Index,Rest Of Country,Index,133.1
2019,08,Residential Property Price Index,Rest Of Country,Index,153.9
2019,08,Residential Property Price Index,Rest Of Country,Index,144.7
2019,08,Residential Property Price Index,Rest Of Country,Index,144.6
2019,09,Residential Property Price Index,National,Index,135.2
2019,09,Residential Property Price Index,Dublin,Index,124.4
2019,09,Residential Property Price Index,Dublin,Index,126.3
2019,09,Residential Property Price Index,Rest Of Country,Index,119.7
2019,09,Residential Property Price Index,Rest Of Country,Index,121.9
2019,09,Residential Property Price Index,National Excluding Dublin,Index,145.4
2019,09,Residential Property Price Index,Rest Of Country,Index,146.0
2019,09,Residential Property Price Index,Rest Of Country,Index,155.5
2019,09,Residential Property Price Index,Rest Of Country,Index,161.9
2019,09,Residential Property Price Index,Rest Of Country,Index,133.4
2019,09,Residential Property Price Index,Rest Of Country,Index,156.8
2019,09,Residential Property Price Index,Rest Of Country,Index,144.0
2019,09,Residential Property Price Index,Rest Of Country,Index,144.7
2019,10,Residential Property Price Index,National,Index,135.5
2019,10,Residential Property Price Index,Dublin,Index,124.7
2019,10,Residential Property Price Index,Dublin,Index,126.3
2019,10,Residential Property Price Index,Rest Of Country,Index,120.6
2019,10,Residential Property Price Index,Rest Of Country,Index,122.5
2019,10,Residential Property Price Index,Dublin,Index,121.4
2019,10,Residential Property Price Index,National Excluding Dublin,Index,145.7
2019,10,Residential Property Price Index,Rest Of Country,Index,146.5
2019,10,Residential Property Price Index,Rest Of Country,Index,156.4
2019,10,Residential Property Price Index,Rest Of Country,Index,162.5
2019,10,Residential Property Price Index,Rest Of Country,Index,133.8
2019,10,Residential Property Price Index,Rest Of Country,Index,156.9
2019,10,Residential Property Price Index,Rest Of Country,Index,145.1
2019,10,Residential Property Price Index,Rest Of Country,Index,144.8
2019,11,Residential Property Price Index,National,Index,135.5
2019,11,Residential Property Price Index,Dublin,Index,125.0
2019,11,Residential Property Price Index,Dublin,Index,126.0
2019,11,Residential Property Price Index,Rest Of Country,Index,121.3
2019,11,Residential Property Price Index,Rest Of Country,Index,123.7
2019,11,Residential Property Price Index,Dublin,Index,121.4
2019,11,Residential Property Price Index,National Excluding Dublin,Index,145.5
2019,11,Residential Property Price Index,Rest Of Country,Index,146.2
2019,11,Residential Property Price Index,Rest Of Country,Index,157.6
2019,11,Residential Property Price Index,Rest Of Country,Index,162.4
2019,11,Residential Property Price Index,Rest Of Country,Index,133.8
2019,11,Residential Property Price Index,Rest Of Country,Index,157.8
2019,11,Residential Property Price Index,Rest Of Country,Index,143.6
2019,11,Residential Property Price Index,Rest Of Country,Index,145.5
2019,12,Residential Property Price Index,National,Index,134.6
2019,12,Residential Property Price Index,Dublin,Index,124.0
2019,12,Residential Property Price Index,Dublin,Index,125.4
2019,12,Residential Property Price Index,Rest Of Country,Index,120.8
2019,12,Residential Property Price Index,Rest Of Country,Index,123.6
2019,12,Residential Property Price Index,Dublin,Index,121.4
2019,12,Residential Property Price Index,National Excluding Dublin,Index,144.7
2019,12,Residential Property Price Index,Rest Of Country,Index,145.4
2019,12,Residential Property Price Index,Rest Of Country,Index,158.4
2019,12,Residential Property Price Index,Rest Of Country,Index,162.8
2019,12,Residential Property Price Index,Rest Of Country,Index,133.8
2019,12,Residential Property Price Index,Rest Of Country,Index,156.3
2019,12,Residential Property Price Index,Rest Of Country,Index,143.0
2019,12,Residential Property Price Index,Rest Of Country,Index,145.1
2020,01,Residential Property Price Index,National,Index,134.6
2020,01,Residential Property Price Index,Dublin,Index,124.4
2020,01,Residential Property Price Index,Dublin,Index,124.7
2020,01,Residential Property Price Index,Rest Of Country,Index,121.4
2020,01,Residential Property Price Index,Rest Of Country,Index,125.6
2020,01,Residential Property Price Index,Dublin,Index,121.3
2020,01,Residential Property Price Index,National Excluding Dublin,Index,144.3
2020,01,Residential Property Price Index,Rest Of Country,Index,146.3
2020,01,Residential Property Price Index,Rest Of Country,Index,156.2
2020,01,Residential Property Price Index,Rest Of Country,Index,162.7
2020,01,Residential Property Price Index,Rest Of Country,Index,132.6
2020,01,Residential Property Price Index,Rest Of Country,Index,153.7
2020,01,Residential Property Price Index,Rest Of Country,Index,143.0
2020,01,Residential Property Price Index,Rest Of Country,Index,146.6
2020,02,Residential Property Price Index,National,Index,134.3
2020,02,Residential Property Price Index,Dublin,Index,124.2
2020,02,Residential Property Price Index,Rest Of Country,Index,121.1
2020,02,Residential Property Price Index,Rest Of Country,Index,126.1
2020,02,Residential Property Price Index,Dublin,Index,120.9
2020,02,Residential Property Price Index,National Excluding Dublin,Index,143.8
2020,02,Residential Property Price Index,Rest Of Country,Index,147.3
2020,02,Residential Property Price Index,Rest Of Country,Index,156.3
2020,02,Residential Property Price Index,Rest Of Country,Index,163.2
2020,02,Residential Property Price Index,Rest Of Country,Index,131.3
2020,02,Residential Property Price Index,Rest Of Country,Index,153.1
2020,02,Residential Property Price Index,Rest Of Country,Index,142.8
2020,02,Residential Property Price Index,Rest Of Country,Index,146.4
2020,03,Residential Property Price Index,National,Index,134.2
2020,03,Residential Property Price Index,Dublin,Index,124.1
2020,03,Residential Property Price Index,Dublin,Index,123.6
2020,03,Residential Property Price Index,Rest Of Country,Index,121.4
2020,03,Residential Property Price Index,Rest Of Country,Index,126.0
2020,03,Residential Property Price Index,Dublin,Index,120.9
2020,03,Residential Property Price Index,National Excluding Dublin,Index,143.9
2020,03,Residential Property Price Index,Rest Of Country,Index,145.3
2020,03,Residential Property Price Index,Rest Of Country,Index,153.7
2020,03,Residential Property Price Index,Rest Of Country,Index,165.0
2020,03,Residential Property Price Index,Rest Of Country,Index,131.8
2020,03,Residential Property Price Index,Rest Of Country,Index,142.7
2020,03,Residential Property Price Index,Rest Of Country,Index,146.6
2020,04,Residential Property Price Index,National,Index,134.0
2020,04,Residential Property Price Index,Dublin,Index,123.3
2020,04,Residential Property Price Index,Dublin,Index,123.0
2020,04,Residential Property Price Index,Rest Of Country,Index,120.4
2020,04,Residential Property Price Index,Rest Of Country,Index,123.8
2020,04,Residential Property Price Index,Dublin,Index,121.9
2020,04,Residential Property Price Index,National Excluding Dublin,Index,144.2
2020,04,Residential Property Price Index,Rest Of Country,Index,143.2
2020,04,Residential Property Price Index,Rest Of Country,Index,153.9
2020,04,Residential Property Price Index,Rest Of Country,Index,166.2
2020,04,Residential Property Price Index,Rest Of Country,Index,132.8
2020,04,Residential Property Price Index,Rest Of Country,Index,151.4
2020,04,Residential Property Price Index,Rest Of Country,Index,142.0
2020,04,Residential Property Price Index,Rest Of Country,Index,147.2
2020,05,Residential Property Price Index,National,Index,133.8
2020,05,Residential Property Price Index,Dublin,Index,122.9
2020,05,Residential Property Price Index,Dublin,Index,122.6
2020,05,Residential Property Price Index,Rest Of Country,Index,120.6
2020,05,Residential Property Price Index,Rest Of Country,Index,123.2
2020,05,Residential Property Price Index,Dublin,Index,120.9
2020,05,Residential Property Price Index,National Excluding Dublin,Index,144.3
2020,05,Residential Property Price Index,Rest Of Country,Index,142.9
2020,05,Residential Property Price Index,Rest Of Country,Index,153.3
2020,05,Residential Property Price Index,Rest Of Country,Index,166.9
2020,05,Residential Property Price Index,Rest Of Country,Index,131.9
2020,05,Residential Property Price Index,Rest Of Country,Index,149.8
2020,05,Residential Property Price Index,Rest Of Country,Index,143.4
2020,05,Residential Property Price Index,Rest Of Country,Index,149.2
2020,06,Residential Property Price Index,National,Index,133.8
2020,06,Residential Property Price Index,Dublin,Index,122.3
2020,06,Residential Property Price Index,Dublin,Index,122.5
2020,06,Residential Property Price Index,Rest Of Country,Index,120.6
2020,06,Residential Property Price Index,Rest Of Country,Index,121.8
2020,06,Residential Property Price Index,Dublin,Index,119.7
2020,06,Residential Property Price Index,National Excluding Dublin,Index,144.8
2020,06,Residential Property Price Index,Rest Of Country,Index,140.3
2020,06,Residential Property Price Index,Rest Of Country,Index,155.6
2020,06,Residential Property Price Index,Rest Of Country,Index,166.6
2020,06,Residential Property Price Index,Rest Of Country,Index,132.2
2020,06,Residential Property Price Index,Rest Of Country,Index,149.8
2020,06,Residential Property Price Index,Rest Of Country,Index,143.3
2020,06,Residential Property Price Index,Rest Of Country,Index,151.0
2020,07,Residential Property Price Index,Dublin,Index,122.1
2020,07,Residential Property Price Index,Dublin,Index,121.4
2020,07,Residential Property Price Index,Rest Of Country,Index,120.1
2020,07,Residential Property Price Index,Rest Of Country,Index,122.5
2020,07,Residential Property Price Index,Dublin,Index,120.2
2020,07,Residential Property Price Index,National Excluding Dublin,Index,145.3
2020,07,Residential Property Price Index,Rest Of Country,Index,141.1
2020,07,Residential Property Price Index,Rest Of Country,Index,156.4
2020,07,Residential Property Price Index,Rest Of Country,Index,164.9
2020,07,Residential Property Price Index,Rest Of Country,Index,133.4
2020,07,Residential Property Price Index,Rest Of Country,Index,152.7
2020,07,Residential Property Price Index,Rest Of Country,Index,143.2
2020,07,Residential Property Price Index,Rest Of Country,Index,150.7
2020,08,Residential Property Price Index,National,Index,134.1
2020,08,Residential Property Price Index,Dublin,Index,122.1
2020,08,Residential Property Price Index,Dublin,Index,120.8
2020,08,Residential Property Price Index,Rest Of Country,Index,120.1
2020,08,Residential Property Price Index,Rest Of Country,Index,123.5
2020,08,Residential Property Price Index,Dublin,Index,120.3
2020,08,Residential Property Price Index,National Excluding Dublin,Index,145.4
2020,08,Residential Property Price Index,Rest Of Country,Index,138.6
2020,08,Residential Property Price Index,Rest Of Country,Index,159.3
2020,08,Residential Property Price Index,Rest Of Country,Index,164.3
2020,08,Residential Property Price Index,Rest Of Country,Index,133.9
2020,08,Residential Property Price Index,Rest Of Country,Index,150.9
2020,08,Residential Property Price Index,Rest Of Country,Index,144.3
2020,08,Residential Property Price Index,Rest Of Country,Index,150.6
2020,09,Residential Property Price Index,National,Index,134.3
2020,09,Residential Property Price Index,Dublin,Index,122.4
2020,09,Residential Property Price Index,Dublin,Index,120.7
2020,09,Residential Property Price Index,Rest Of Country,Index,119.8
2020,09,Residential Property Price Index,Rest Of Country,Index,124.2
2020,09,Residential Property Price Index,Dublin,Index,121.3
2020,09,Residential Property Price Index,National Excluding Dublin,Index,145.7
2020,09,Residential Property Price Index,Rest Of Country,Index,140.0
2020,09,Residential Property Price Index,Rest Of Country,Index,159.8
2020,09,Residential Property Price Index,Rest Of Country,Index,163.2
2020,09,Residential Property Price Index,Rest Of Country,Index,135.1
2020,09,Residential Property Price Index,Rest Of Country,Index,149.9
2020,09,Residential Property Price Index,Rest Of Country,Index,146.0
2020,09,Residential Property Price Index,Rest Of Country,Index,149.6
2020,10,Residential Property Price Index,National,Index,134.9
2020,10,Residential Property Price Index,Dublin,Index,123.0
2020,10,Residential Property Price Index,Dublin,Index,121.3
2020,10,Residential Property Price Index,Rest Of Country,Index,119.4
2020,10,Residential Property Price Index,Rest Of Country,Index,124.9
2020,10,Residential Property Price Index,Dublin,Index,123.1
2020,10,Residential Property Price Index,National Excluding Dublin,Index,146.2
2020,10,Residential Property Price Index,Rest Of Country,Index,140.9
2020,10,Residential Property Price Index,Rest Of Country,Index,159.2
2020,10,Residential Property Price Index,Rest Of Country,Index,165.8
2020,10,Residential Property Price Index,Rest Of Country,Index,136.1
2020,10,Residential Property Price Index,Rest Of Country,Index,149.3
2020,10,Residential Property Price Index,Rest Of Country,Index,146.4
2020,10,Residential Property Price Index,Rest Of Country,Index,149.0
2020,11,Residential Property Price Index,National,Index,135.9
2020,11,Residential Property Price Index,Dublin,Index,123.9
2020,11,Residential Property Price Index,Dublin,Index,123.2
2020,11,Residential Property Price Index,Rest Of Country,Index,119.8
2020,11,Residential Property Price Index,Rest Of Country,Index,124.4
2020,11,Residential Property Price Index,Dublin,Index,124.5
2020,11,Residential Property Price Index,National Excluding Dublin,Index,147.4
2020,11,Residential Property Price Index,Rest Of Country,Index,143.3
2020,11,Residential Property Price Index,Rest Of Country,Index,159.5
2020,11,Residential Property Price Index,Rest Of Country,Index,167.6
2020,11,Residential Property Price Index,Rest Of Country,Index,137.2
2020,11,Residential Property Price Index,Rest Of Country,Index,151.4
2020,11,Residential Property Price Index,Rest Of Country,Index,147.5
2020,11,Residential Property Price Index,Rest Of Country,Index,149.9
2020,12,Residential Property Price Index,National,Index,137.0
2020,12,Residential Property Price Index,Dublin,Index,124.7
2020,12,Residential Property Price Index,Dublin,Index,124.2
2020,12,Residential Property Price Index,Rest Of Country,Index,120.9
2020,12,Residential Property Price Index,Rest Of Country,Index,125.0
2020,12,Residential Property Price Index,Dublin,Index,124.9
2020,12,Residential Property Price Index,National Excluding Dublin,Index,148.8
2020,12,Residential Property Price Index,Rest Of Country,Index,145.3
2020,12,Residential Property Price Index,Rest Of Country,Index,161.1
2020,12,Residential Property Price Index,Rest Of Country,Index,169.9
2020,12,Residential Property Price Index,Rest Of Country,Index,138.3
2020,12,Residential Property Price Index,Rest Of Country,Index,153.7
2020,12,Residential Property Price Index,Rest Of Country,Index,149.5
2020,12,Residential Property Price Index,Rest Of Country,Index,150.3
2021,01,Residential Property Price Index,National,Index,137.7
2021,01,Residential Property Price Index,Dublin,Index,125.2
2021,01,Residential Property Price Index,Dublin,Index,124.6
2021,01,Residential Property Price Index,Rest Of Country,Index,122.4
2021,01,Residential Property Price Index,Rest Of Country,Index,124.7
2021,01,Residential Property Price Index,Dublin,Index,125.1
2021,01,Residential Property Price Index,National Excluding Dublin,Index,149.6
2021,01,Residential Property Price Index,Rest Of Country,Index,148.1
2021,01,Residential Property Price Index,Rest Of Country,Index,161.2
2021,01,Residential Property Price Index,Rest Of Country,Index,138.0
2021,01,Residential Property Price Index,Rest Of Country,Index,153.8
2021,01,Residential Property Price Index,Rest Of Country,Index,150.8
2021,01,Residential Property Price Index,Rest Of Country,Index,152.4
2021,02,Residential Property Price Index,National,Index,138.2
2021,02,Residential Property Price Index,Dublin,Index,126.1
2021,02,Residential Property Price Index,Dublin,Index,126.2
2021,02,Residential Property Price Index,Rest Of Country,Index,123.1
2021,02,Residential Property Price Index,Rest Of Country,Index,125.6
2021,02,Residential Property Price Index,Dublin,Index,124.9
2021,02,Residential Property Price Index,National Excluding Dublin,Index,149.8
2021,02,Residential Property Price Index,Rest Of Country,Index,147.9
2021,02,Residential Property Price Index,Rest Of Country,Index,163.5
2021,02,Residential Property Price Index,Rest Of Country,Index,171.9
2021,02,Residential Property Price Index,Rest Of Country,Index,138.3
2021,02,Residential Property Price Index,Rest Of Country,Index,154.7
2021,02,Residential Property Price Index,Rest Of Country,Index,151.9
2021,02,Residential Property Price Index,Rest Of Country,Index,151.1
2021,03,Residential Property Price Index,National,Index,139.0
2021,03,Residential Property Price Index,Dublin,Index,127.4
2021,03,Residential Property Price Index,Dublin,Index,127.7
2021,03,Residential Property Price Index,Rest Of Country,Index,124.6
2021,03,Residential Property Price Index,Rest Of Country,Index,127.0
2021,03,Residential Property Price Index,Dublin,Index,125.3
2021,03,Residential Property Price Index,National Excluding Dublin,Index,150.1
2021,03,Residential Property Price Index,Rest Of Country,Index,151.1
2021,03,Residential Property Price Index,Rest Of Country,Index,164.6
2021,03,Residential Property Price Index,Rest Of Country,Index,172.5
2021,03,Residential Property Price Index,Rest Of Country,Index,139.2
2021,03,Residential Property Price Index,Rest Of Country,Index,154.3
2021,03,Residential Property Price Index,Rest Of Country,Index,150.8
2021,03,Residential Property Price Index,Rest Of Country,Index,149.9
2021,04,Residential Property Price Index,National,Index,140.2
2021,04,Residential Property Price Index,Dublin,Index,128.7
2021,04,Residential Property Price Index,Dublin,Index,129.1
2021,04,Residential Property Price Index,Rest Of Country,Index,126.5
2021,04,Residential Property Price Index,Rest Of Country,Index,127.5
2021,04,Residential Property Price Index,Dublin,Index,126.6
2021,04,Residential Property Price Index,National Excluding Dublin,Index,151.2
2021,04,Residential Property Price Index,Rest Of Country,Index,154.6
2021,04,Residential Property Price Index,Rest Of Country,Index,165.8
2021,04,Residential Property Price Index,Rest Of Country,Index,173.7
2021,04,Residential Property Price Index,Rest Of Country,Index,140.1
2021,04,Residential Property Price Index,Rest Of Country,Index,157.6
2021,04,Residential Property Price Index,Rest Of Country,Index,151.0
2021,04,Residential Property Price Index,Rest Of Country,Index,150.2
2021,05,Residential Property Price Index,National,Index,141.2
2021,05,Residential Property Price Index,Dublin,Index,129.8
2021,05,Residential Property Price Index,Dublin,Index,129.5
2021,05,Residential Property Price Index,Rest Of Country,Index,128.2
2021,05,Residential Property Price Index,Rest Of Country,Index,127.8
2021,05,Residential Property Price Index,Dublin,Index,128.9
2021,05,Residential Property Price Index,National Excluding Dublin,Index,152.2
2021,05,Residential Property Price Index,Rest Of Country,Index,156.6
2021,05,Residential Property Price Index,Rest Of Country,Index,166.8
2021,05,Residential Property Price Index,Rest Of Country,Index,175.4
2021,05,Residential Property Price Index,Rest Of Country,Index,140.5
2021,05,Residential Property Price Index,Rest Of Country,Index,160.8
2021,05,Residential Property Price Index,Rest Of Country,Index,151.9
2021,05,Residential Property Price Index,Rest Of Country,Index,150.6
2021,06,Residential Property Price Index,National,Index,143.2
2021,06,Residential Property Price Index,Dublin,Index,131.3
2021,06,Residential Property Price Index,Dublin,Index,131.1
2021,06,Residential Property Price Index,Rest Of Country,Index,130.0
2021,06,Residential Property Price Index,Rest Of Country,Index,128.6
2021,06,Residential Property Price Index,Dublin,Index,130.6
2021,06,Residential Property Price Index,National Excluding Dublin,Index,154.7
2021,06,Residential Property Price Index,Rest Of Country,Index,159.3
2021,06,Residential Property Price Index,Rest Of Country,Index,170.7
2021,06,Residential Property Price Index,Rest Of Country,Index,174.9
2021,06,Residential Property Price Index,Rest Of Country,Index,142.1
2021,06,Residential Property Price Index,Rest Of Country,Index,161.9
2021,06,Residential Property Price Index,Rest Of Country,Index,155.5
2021,07,Residential Property Price Index,National,Index,145.7
2021,07,Residential Property Price Index,Dublin,Index,133.2
2021,07,Residential Property Price Index,Dublin,Index,132.8
2021,07,Residential Property Price Index,Rest Of Country,Index,131.8
2021,07,Residential Property Price Index,Rest Of Country,Index,129.9
2021,07,Residential Property Price Index,Dublin,Index,133.7
2021,07,Residential Property Price Index,National Excluding Dublin,Index,157.6
2021,07,Residential Property Price Index,Rest Of Country,Index,163.2
2021,07,Residential Property Price Index,Rest Of Country,Index,173.7
2021,07,Residential Property Price Index,Rest Of Country,Index,178.8
2021,07,Residential Property Price Index,Rest Of Country,Index,144.1
2021,07,Residential Property Price Index,Rest Of Country,Index,165.9
2021,07,Residential Property Price Index,Rest Of Country,Index,158.6
2021,07,Residential Property Price Index,Rest Of Country,Index,158.5
2021,08,Residential Property Price Index,National,Index,149.1
2021,08,Residential Property Price Index,Dublin,Index,136.1
2021,08,Residential Property Price Index,Dublin,Index,135.5
2021,08,Residential Property Price Index,Rest Of Country,Index,134.7
2021,08,Residential Property Price Index,Rest Of Country,Index,133.5
2021,08,Residential Property Price Index,Dublin,Index,135.8
2021,08,Residential Property Price Index,National Excluding Dublin,Index,161.5
2021,08,Residential Property Price Index,Rest Of Country,Index,167.9
2021,08,Residential Property Price Index,Rest Of Country,Index,177.2
2021,08,Residential Property Price Index,Rest Of Country,Index,182.3
2021,08,Residential Property Price Index,Rest Of Country,Index,146.8
2021,08,Residential Property Price Index,Rest Of Country,Index,168.6
2021,08,Residential Property Price Index,Rest Of Country,Index,165.7
2021,08,Residential Property Price Index,Rest Of Country,Index,162.9
2021,09,Residential Property Price Index,National,Index,151.5
2021,09,Residential Property Price Index,Dublin,Index,137.8
2021,09,Residential Property Price Index,Rest Of Country,Index,135.6
2021,09,Residential Property Price Index,Rest Of Country,Index,135.7
2021,09,Residential Property Price Index,Dublin,Index,137.2
2021,09,Residential Property Price Index,National Excluding Dublin,Index,164.5
2021,09,Residential Property Price Index,Rest Of Country,Index,172.0
2021,09,Residential Property Price Index,Rest Of Country,Index,149.2
2021,09,Residential Property Price Index,Rest Of Country,Index,169.6
2021,09,Residential Property Price Index,Rest Of Country,Index,170.6
2021,09,Residential Property Price Index,Rest Of Country,Index,166.8
2021,10,Residential Property Price Index,National,Index,153.4
2021,10,Residential Property Price Index,Dublin,Index,139.2
2021,10,Residential Property Price Index,Dublin,Index,139.9
2021,10,Residential Property Price Index,Rest Of Country,Index,137.2
2021,10,Residential Property Price Index,Rest Of Country,Index,136.1
2021,10,Residential Property Price Index,Dublin,Index,137.7
2021,10,Residential Property Price Index,National Excluding Dublin,Index,166.9
2021,10,Residential Property Price Index,Rest Of Country,Index,173.9
2021,10,Residential Property Price Index,Rest Of Country,Index,181.8
2021,10,Residential Property Price Index,Rest Of Country,Index,188.2
2021,10,Residential Property Price Index,Rest Of Country,Index,151.7
2021,10,Residential Property Price Index,Rest Of Country,Index,171.2
2021,10,Residential Property Price Index,Rest Of Country,Index,174.1
2021,10,Residential Property Price Index,Rest Of Country,Index,168.7
2021,11,Residential Property Price Index,National,Index,155.3
2021,11,Residential Property Price Index,Dublin,Index,140.4
2021,11,Residential Property Price Index,Dublin,Index,141.5
2021,11,Residential Property Price Index,Rest Of Country,Index,138.4
2021,11,Residential Property Price Index,Rest Of Country,Index,137.8
2021,11,Residential Property Price Index,Dublin,Index,137.9
2021,11,Residential Property Price Index,National Excluding Dublin,Index,169.3
2021,11,Residential Property Price Index,Rest Of Country,Index,176.7
2021,11,Residential Property Price Index,Rest Of Country,Index,186.6
2021,11,Residential Property Price Index,Rest Of Country,Index,190.1
2021,11,Residential Property Price Index,Rest Of Country,Index,154.5
2021,11,Residential Property Price Index,Rest Of Country,Index,171.5
2021,11,Residential Property Price Index,Rest Of Country,Index,171.0
2021,12,Residential Property Price Index,National,Index,156.7
2021,12,Residential Property Price Index,Dublin,Index,141.2
2021,12,Residential Property Price Index,Dublin,Index,142.3
2021,12,Residential Property Price Index,Rest Of Country,Index,138.4
2021,12,Residential Property Price Index,Rest Of Country,Index,139.2
2021,12,Residential Property Price Index,Dublin,Index,139.2
2021,12,Residential Property Price Index,National Excluding Dublin,Index,171.3
2021,12,Residential Property Price Index,Rest Of Country,Index,179.5
2021,12,Residential Property Price Index,Rest Of Country,Index,189.3
2021,12,Residential Property Price Index,Rest Of Country,Index,193.6
2021,12,Residential Property Price Index,Rest Of Country,Index,157.2
2021,12,Residential Property Price Index,Rest Of Country,Index,172.0
2021,12,Residential Property Price Index,Rest Of Country,Index,177.5
2021,12,Residential Property Price Index,Rest Of Country,Index,172.1
2022,01,Residential Property Price Index,National,Index,158.2
2022,01,Residential Property Price Index,Dublin,Index,141.9
2022,01,Residential Property Price Index,Dublin,Index,143.1
2022,01,Residential Property Price Index,Rest Of Country,Index,138.3
2022,01,Residential Property Price Index,Rest Of Country,Index,140.5
2022,01,Residential Property Price Index,Dublin,Index,139.8
2022,01,Residential Property Price Index,National Excluding Dublin,Index,173.5
2022,01,Residential Property Price Index,Rest Of Country,Index,183.8
2022,01,Residential Property Price Index,Rest Of Country,Index,199.8
2022,02,Residential Property Price Index,Dublin,Index,142.9
2022,02,Residential Property Price Index,Dublin,Index,144.4
2022,02,Residential Property Price Index,Rest Of Country,Index,139.7
2022,02,Residential Property Price Index,Rest Of Country,Index,141.8
2022,02,Residential Property Price Index,Dublin,Index,139.2
2022,02,Residential Property Price Index,National Excluding Dublin,Index,174.6
2022,02,Residential Property Price Index,Rest Of Country,Index,187.1
2022,02,Residential Property Price Index,Rest Of Country,Index,193.4
2022,02,Residential Property Price Index,Rest Of Country,Index,200.5
2022,02,Residential Property Price Index,Rest Of Country,Index,159.1
2022,02,Residential Property Price Index,Rest Of Country,Index,178.2
2022,02,Residential Property Price Index,Rest Of Country,Index,180.2
2022,02,Residential Property Price Index,Rest Of Country,Index,173.1
2022,03,Residential Property Price Index,National,Index,160.0
2022,03,Residential Property Price Index,Dublin,Index,143.3
2022,03,Residential Property Price Index,Dublin,Index,144.9
2022,03,Residential Property Price Index,Rest Of Country,Index,139.4
2022,03,Residential Property Price Index,Rest Of Country,Index,142.5
2022,03,Residential Property Price Index,Rest Of Country,Index,188.7
2022,03,Residential Property Price Index,Rest Of Country,Index,194.3
2022,03,Residential Property Price Index,Rest Of Country,Index,203.6
2022,03,Residential Property Price Index,Rest Of Country,Index,160.1
2022,03,Residential Property Price Index,Rest Of Country,Index,178.9
2022,03,Residential Property Price Index,Rest Of Country,Index,181.0
2022,03,Residential Property Price Index,Rest Of Country,Index,173.7
2022,04,Residential Property Price Index,National,Index,160.6
2022,04,Residential Property Price Index,Dublin,Index,143.5
2022,04,Residential Property Price Index,Dublin,Index,145.7
2022,04,Residential Property Price Index,Rest Of Country,Index,138.8
2022,04,Residential Property Price Index,Rest Of Country,Index,142.0
2022,04,Residential Property Price Index,Dublin,Index,141.3
2022,04,Residential Property Price Index,National Excluding Dublin,Index,176.6
2022,04,Residential Property Price Index,Rest Of Country,Index,191.1
2022,04,Residential Property Price Index,Rest Of Country,Index,194.6
2022,04,Residential Property Price Index,Rest Of Country,Index,203.0
2022,04,Residential Property Price Index,Rest Of Country,Index,160.7
2022,04,Residential Property Price Index,Rest Of Country,Index,177.3
2022,04,Residential Property Price Index,Rest Of Country,Index,182.6
2022,04,Residential Property Price Index,Rest Of Country,Index,176.5
2022,05,Residential Property Price Index,National,Index,161.9
2022,05,Residential Property Price Index,Dublin,Index,144.7
2022,05,Residential Property Price Index,Dublin,Index,146.6
2022,05,Residential Property Price Index,Rest Of Country,Index,140.5
2022,05,Residential Property Price Index,Rest Of Country,Index,143.1
2022,05,Residential Property Price Index,Dublin,Index,142.3
2022,05,Residential Property Price Index,National Excluding Dublin,Index,177.9
2022,05,Residential Property Price Index,Rest Of Country,Index,190.5
2022,05,Residential Property Price Index,Rest Of Country,Index,197.4
2022,05,Residential Property Price Index,Rest Of Country,Index,206.0
2022,05,Residential Property Price Index,Rest Of Country,Index,161.7
2022,05,Residential Property Price Index,Rest Of Country,Index,179.3
2022,05,Residential Property Price Index,Rest Of Country,Index,184.8
2022,05,Residential Property Price Index,Rest Of Country,Index,176.8
2022,06,Residential Property Price Index,National,Index,163.6
2022,06,Residential Property Price Index,Dublin,Index,146.4
2022,06,Residential Property Price Index,Dublin,Index,147.9
2022,06,Residential Property Price Index,Rest Of Country,Index,142.8
2022,06,Residential Property Price Index,Rest Of Country,Index,144.6
2022,06,Residential Property Price Index,Dublin,Index,144.5
2022,06,Residential Property Price Index,National Excluding Dublin,Index,179.7
2022,06,Residential Property Price Index,Rest Of Country,Index,191.3
2022,06,Residential Property Price Index,Rest Of Country,Index,200.3
2022,06,Residential Property Price Index,Rest Of Country,Index,208.7
2022,06,Residential Property Price Index,Rest Of Country,Index,164.0
2022,06,Residential Property Price Index,Rest Of Country,Index,181.2
2022,06,Residential Property Price Index,Rest Of Country,Index,178.1
2022,07,Residential Property Price Index,National,Index,165.3
2022,07,Residential Property Price Index,Dublin,Index,147.8
2022,07,Residential Property Price Index,Dublin,Index,149.2
2022,07,Residential Property Price Index,Rest Of Country,Index,144.6
2022,07,Residential Property Price Index,Rest Of Country,Index,144.9
2022,07,Residential Property Price Index,Dublin,Index,146.6
2022,07,Residential Property Price Index,National Excluding Dublin,Index,181.7
2022,07,Residential Property Price Index,Rest Of Country,Index,192.4
2022,07,Residential Property Price Index,Rest Of Country,Index,202.2
2022,07,Residential Property Price Index,Rest Of Country,Index,212.0
2022,07,Residential Property Price Index,Rest Of Country,Index,165.7
2022,07,Residential Property Price Index,Rest Of Country,Index,185.1
2022,07,Residential Property Price Index,Rest Of Country,Index,187.3
2022,07,Residential Property Price Index,Rest Of Country,Index,179.1
2022,08,Residential Property Price Index,National,Index,167.1
2022,08,Residential Property Price Index,Dublin,Index,149.7
2022,08,Residential Property Price Index,Dublin,Index,149.8
2022,08,Residential Property Price Index,Rest Of Country,Index,147.4
2022,08,Residential Property Price Index,Rest Of Country,Index,146.9
2022,08,Residential Property Price Index,Dublin,Index,149.5
2022,08,Residential Property Price Index,National Excluding Dublin,Index,183.4
2022,08,Residential Property Price Index,Rest Of Country,Index,192.9
2022,08,Residential Property Price Index,Rest Of Country,Index,203.9
2022,08,Residential Property Price Index,Rest Of Country,Index,215.5
2022,08,Residential Property Price Index,Rest Of Country,Index,166.8
2022,08,Residential Property Price Index,Rest Of Country,Index,187.5
2022,08,Residential Property Price Index,Rest Of Country,Index,190.7
2022,08,Residential Property Price Index,Rest Of Country,Index,180.4
2022,09,Residential Property Price Index,National,Index,168.3
2022,09,Residential Property Price Index,Dublin,Index,151.1
2022,09,Residential Property Price Index,Dublin,Index,151.0
2022,09,Residential Property Price Index,Rest Of Country,Index,148.4
2022,09,Residential Property Price Index,Rest Of Country,Index,148.8
2022,09,Residential Property Price Index,Dublin,Index,151.6
2022,09,Residential Property Price Index,National Excluding Dublin,Index,184.3
2022,09,Residential Property Price Index,Rest Of Country,Index,193.9
2022,09,Residential Property Price Index,Rest Of Country,Index,204.0
2022,09,Residential Property Price Index,Rest Of Country,Index,216.6
2022,09,Residential Property Price Index,Rest Of Country,Index,167.3
2022,09,Residential Property Price Index,Rest Of Country,Index,188.3
2022,09,Residential Property Price Index,Rest Of Country,Index,191.0
2022,09,Residential Property Price Index,Rest Of Country,Index,182.2
2022,10,Residential Property Price Index,National,Index,168.5
2022,10,Residential Property Price Index,Dublin,Index,150.7
2022,10,Residential Property Price Index,Dublin,Index,149.4
2022,10,Residential Property Price Index,Rest Of Country,Index,147.3
2022,10,Residential Property Price Index,Rest Of Country,Index,149.6
2022,10,Residential Property Price Index,Dublin,Index,152.9
2022,10,Residential Property Price Index,National Excluding Dublin,Index,185.1
2022,10,Residential Property Price Index,Rest Of Country,Index,193.8
2022,10,Residential Property Price Index,Rest Of Country,Index,203.5
2022,10,Residential Property Price Index,Rest Of Country,Index,217.5
2022,10,Residential Property Price Index,Rest Of Country,Index,168.5
2022,10,Residential Property Price Index,Rest Of Country,Index,187.5
2022,10,Residential Property Price Index,Rest Of Country,Index,191.0
2022,10,Residential Property Price Index,Rest Of Country,Index,184.3
2022,11,Residential Property Price Index,National,Index,168.9
2022,11,Residential Property Price Index,Dublin,Index,150.2
2022,11,Residential Property Price Index,Dublin,Index,148.4
2022,11,Residential Property Price Index,Rest Of Country,Index,146.4
2022,11,Residential Property Price Index,Rest Of Country,Index,149.8
2022,11,Residential Property Price Index,Dublin,Index,153.5
2022,11,Residential Property Price Index,National Excluding Dublin,Index,186.3
2022,11,Residential Property Price Index,Rest Of Country,Index,196.9
2022,11,Residential Property Price Index,Rest Of Country,Index,204.2
2022,11,Residential Property Price Index,Rest Of Country,Index,219.0
2022,11,Residential Property Price Index,Rest Of Country,Index,170.2
2022,11,Residential Property Price Index,Rest Of Country,Index,186.8
2022,11,Residential Property Price Index,Rest Of Country,Index,191.1
2022,11,Residential Property Price Index,Rest Of Country,Index,185.5
2022,12,Residential Property Price Index,National,Index,169.3
2022,12,Residential Property Price Index,Dublin,Index,149.7
2022,12,Residential Property Price Index,Dublin,Index,147.1
2022,12,Residential Property Price Index,Rest Of Country,Index,145.7
2022,12,Residential Property Price Index,Rest Of Country,Index,150.1
2022,12,Residential Property Price Index,Dublin,Index,154.0
2022,12,Residential Property Price Index,National Excluding Dublin,Index,187.4
2022,12,Residential Property Price Index,Rest Of Country,Index,199.8
2022,12,Residential Property Price Index,Rest Of Country,Index,203.4
2022,12,Residential Property Price Index,Rest Of Country,Index,221.7
2022,12,Residential Property Price Index,Rest Of Country,Index,171.6
2022,12,Residential Property Price Index,Rest Of Country,Index,188.0
2022,12,Residential Property Price Index,Rest Of Country,Index,189.2
2022,12,Residential Property Price Index,Rest Of Country,Index,187.2
2023,01,Residential Property Price Index,National,Index,168.4
2023,01,Residential Property Price Index,Dublin,Index,148.1
2023,01,Residential Property Price Index,Dublin,Index,144.4
2023,01,Residential Property Price Index,Rest Of Country,Index,143.9
2023,01,Residential Property Price Index,Rest Of Country,Index,149.6
2023,01,Residential Property Price Index,Dublin,Index,153.2
2023,01,Residential Property Price Index,National Excluding Dublin,Index,187.1
2023,01,Residential Property Price Index,Rest Of Country,Index,201.4
2023,01,Residential Property Price Index,Rest Of Country,Index,205.0
2023,01,Residential Property Price Index,Rest Of Country,Index,219.5
2023,01,Residential Property Price Index,Rest Of Country,Index,170.7
2023,01,Residential Property Price Index,Rest Of Country,Index,186.6
2023,01,Residential Property Price Index,Rest Of Country,Index,191.4
2023,01,Residential Property Price Index,Rest Of Country,Index,186.3
2023,02,Residential Property Price Index,National,Index,167.8
2023,02,Residential Property Price Index,Dublin,Index,147.1
2023,02,Residential Property Price Index,Dublin,Index,143.6
2023,02,Residential Property Price Index,Rest Of Country,Index,142.3
2023,02,Residential Property Price Index,Rest Of Country,Index,148.8
2023,02,Residential Property Price Index,Dublin,Index,152.7
2023,02,Residential Property Price Index,National Excluding Dublin,Index,186.9
2023,02,Residential Property Price Index,Rest Of Country,Index,203.2
2023,02,Residential Property Price Index,Rest Of Country,Index,217.3
2023,02,Residential Property Price Index,Rest Of Country,Index,171.0
2023,02,Residential Property Price Index,Rest Of Country,Index,184.9
2023,02,Residential Property Price Index,Rest Of Country,Index,190.8
2023,02,Residential Property Price Index,Rest Of Country,Index,185.7
2023,03,Residential Property Price Index,Dublin,Index,145.8
2023,03,Residential Property Price Index,Dublin,Index,142.9
2023,03,Residential Property Price Index,Rest Of Country,Index,141.6
2023,03,Residential Property Price Index,Rest Of Country,Index,146.7
2023,03,Residential Property Price Index,Dublin,Index,150.6
2023,03,Residential Property Price Index,National Excluding Dublin,Index,186.0
2023,03,Residential Property Price Index,Rest Of Country,Index,201.7
2023,03,Residential Property Price Index,Rest Of Country,Index,208.0
2023,03,Residential Property Price Index,Rest Of Country,Index,214.7
2023,03,Residential Property Price Index,Rest Of Country,Index,169.7
2023,03,Residential Property Price Index,Rest Of Country,Index,182.9
2023,03,Residential Property Price Index,Rest Of Country,Index,191.0
2023,03,Residential Property Price Index,Rest Of Country,Index,185.8
2023,04,Residential Property Price Index,National,Index,166.7
2023,04,Residential Property Price Index,Dublin,Index,144.6
2023,04,Residential Property Price Index,Dublin,Index,141.9
2023,04,Residential Property Price Index,Rest Of Country,Index,139.9
2023,04,Residential Property Price Index,Rest Of Country,Index,146.4
2023,04,Residential Property Price Index,Dublin,Index,148.4
2023,04,Residential Property Price Index,National Excluding Dublin,Index,186.8
2023,04,Residential Property Price Index,Rest Of Country,Index,198.9
2023,04,Residential Property Price Index,Rest Of Country,Index,207.9
2023,04,Residential Property Price Index,Rest Of Country,Index,215.0
2023,04,Residential Property Price Index,Rest Of Country,Index,170.8
2023,04,Residential Property Price Index,Rest Of Country,Index,187.6
2023,04,Residential Property Price Index,Rest Of Country,Index,192.0
2023,04,Residential Property Price Index,Rest Of Country,Index,185.9
2023,05,Residential Property Price Index,National,Index,166.4
2023,05,Residential Property Price Index,Dublin,Index,144.3
2023,05,Residential Property Price Index,Dublin,Index,141.7
2023,05,Residential Property Price Index,Rest Of Country,Index,138.6
2023,05,Residential Property Price Index,Rest Of Country,Index,146.6
2023,05,Residential Property Price Index,Dublin,Index,148.7
2023,05,Residential Property Price Index,National Excluding Dublin,Index,186.5
2023,05,Residential Property Price Index,Rest Of Country,Index,199.2
2023,05,Residential Property Price Index,Rest Of Country,Index,207.6
2023,05,Residential Property Price Index,Rest Of Country,Index,216.9
2023,05,Residential Property Price Index,Rest Of Country,Index,170.5
2023,05,Residential Property Price Index,Rest Of Country,Index,187.9
2023,05,Residential Property Price Index,Rest Of Country,Index,191.6
2023,05,Residential Property Price Index,Rest Of Country,Index,184.1
2023,06,Residential Property Price Index,National,Index,167.4
2023,06,Residential Property Price Index,Dublin,Index,141.9
2023,06,Residential Property Price Index,Rest Of Country,Index,140.0
2023,06,Residential Property Price Index,Rest Of Country,Index,147.5
2023,06,Residential Property Price Index,Dublin,Index,148.7
2023,06,Residential Property Price Index,National Excluding Dublin,Index,187.9
2023,06,Residential Property Price Index,Rest Of Country,Index,197.8
2023,06,Residential Property Price Index,Rest Of Country,Index,207.1
2023,06,Residential Property Price Index,Rest Of Country,Index,217.8
2023,06,Residential Property Price Index,Rest Of Country,Index,171.7
2023,06,Residential Property Price Index,Rest Of Country,Index,190.7
2023,06,Residential Property Price Index,Rest Of Country,Index,194.8
2023,07,Residential Property Price Index,National,Index,168.3
2023,07,Residential Property Price Index,Dublin,Index,145.4
2023,07,Residential Property Price Index,Dublin,Index,142.9
2023,07,Residential Property Price Index,Rest Of Country,Index,141.4
2023,07,Residential Property Price Index,Rest Of Country,Index,146.7
2023,07,Residential Property Price Index,Dublin,Index,148.5
2023,07,Residential Property Price Index,National Excluding Dublin,Index,189.2
2023,07,Residential Property Price Index,Rest Of Country,Index,197.4
2023,07,Residential Property Price Index,Rest Of Country,Index,219.7
2023,07,Residential Property Price Index,Rest Of Country,Index,171.7
2023,07,Residential Property Price Index,Rest Of Country,Index,194.0
2023,07,Residential Property Price Index,Rest Of Country,Index,197.3
2023,07,Residential Property Price Index,Rest Of Country,Index,188.1
2023,08,Residential Property Price Index,National,Index,169.0
2023,08,Residential Property Price Index,Dublin,Index,146.4
2023,08,Residential Property Price Index,Dublin,Index,144.3
2023,08,Residential Property Price Index,Rest Of Country,Index,141.5
2023,08,Residential Property Price Index,Rest Of Country,Index,147.9
2023,08,Residential Property Price Index,Dublin,Index,149.8
2023,08,Residential Property Price Index,Rest Of Country,Index,197.9
2023,08,Residential Property Price Index,Rest Of Country,Index,207.8
2023,08,Residential Property Price Index,Rest Of Country,Index,220.7
2023,08,Residential Property Price Index,Rest Of Country,Index,172.3
2023,08,Residential Property Price Index,Rest Of Country,Index,195.2
2023,08,Residential Property Price Index,Rest Of Country,Index,197.1
2023,08,Residential Property Price Index,Rest Of Country,Index,188.4
2023,09,Residential Property Price Index,National,Index,170.6
2023,09,Residential Property Price Index,Dublin,Index,147.8
2023,09,Residential Property Price Index,Dublin,Index,145.8
2023,09,Residential Property Price Index,Rest Of Country,Index,143.1
2023,09,Residential Property Price Index,Rest Of Country,Index,149.0
2023,09,Residential Property Price Index,Dublin,Index,150.9
2023,09,Residential Property Price Index,National Excluding Dublin,Index,191.3
2023,09,Residential Property Price Index,Rest Of Country,Index,200.5
2023,09,Residential Property Price Index,Rest Of Country,Index,209.1
2023,09,Residential Property Price Index,Rest Of Country,Index,220.8
2023,09,Residential Property Price Index,Rest Of Country,Index,173.3
2023,09,Residential Property Price Index,Rest Of Country,Index,196.8
2023,09,Residential Property Price Index,Rest Of Country,Index,191.5
2023,10,Residential Property Price Index,National,Index,172.5
2023,10,Residential Property Price Index,Dublin,Index,149.8
2023,10,Residential Property Price Index,Dublin,Index,147.6
2023,10,Residential Property Price Index,Rest Of Country,Index,145.1
2023,10,Residential Property Price Index,Rest Of Country,Index,151.2
2023,10,Residential Property Price Index,Dublin,Index,152.9
2023,10,Residential Property Price Index,National Excluding Dublin,Index,193.3
2023,10,Residential Property Price Index,Rest Of Country,Index,203.3
2023,10,Residential Property Price Index,Rest Of Country,Index,210.6
2023,10,Residential Property Price Index,Rest Of Country,Index,225.1
2023,10,Residential Property Price Index,Rest Of Country,Index,174.9
2023,10,Residential Property Price Index,Rest Of Country,Index,199.0
2023,10,Residential Property Price Index,Rest Of Country,Index,200.3
2023,10,Residential Property Price Index,Rest Of Country,Index,192.9
2023,11,Residential Property Price Index,National,Index,174.1
2023,11,Residential Property Price Index,Dublin,Index,151.6
2023,11,Residential Property Price Index,Dublin,Index,149.1
2023,11,Residential Property Price Index,Rest Of Country,Index,146.7
2023,11,Residential Property Price Index,Rest Of Country,Index,153.1
2023,11,Residential Property Price Index,Dublin,Index,155.2
2023,11,Residential Property Price Index,National Excluding Dublin,Index,194.7
2023,11,Residential Property Price Index,Rest Of Country,Index,212.1
2023,11,Residential Property Price Index,Rest Of Country,Index,227.4
2023,11,Residential Property Price Index,Rest Of Country,Index,176.8
2023,11,Residential Property Price Index,Rest Of Country,Index,201.4
2023,11,Residential Property Price Index,Rest Of Country,Index,192.7
2023,12,Residential Property Price Index,National,Index,176.3
2023,12,Residential Property Price Index,Dublin,Index,153.6
2023,12,Residential Property Price Index,Dublin,Index,151.0
2023,12,Residential Property Price Index,Rest Of Country,Index,147.2
2023,12,Residential Property Price Index,Rest Of Country,Index,154.2
2023,12,Residential Property Price Index,Dublin,Index,160.9
2023,12,Residential Property Price Index,National Excluding Dublin,Index,197.1
2023,12,Residential Property Price Index,Rest Of Country,Index,206.3
2023,12,Residential Property Price Index,Rest Of Country,Index,218.7
2023,12,Residential Property Price Index,Rest Of Country,Index,228.5
2023,12,Residential Property Price Index,Rest Of Country,Index,180.1
2023,12,Residential Property Price Index,Rest Of Country,Index,202.2
2023,12,Residential Property Price Index,Rest Of Country,Index,202.0
2023,12,Residential Property Price Index,Rest Of Country,Index,195.3
2024,01,Residential Property Price Index,National,Index,177.5
2024,01,Residential Property Price Index,Dublin,Index,155.1
2024,01,Residential Property Price Index,Dublin,Index,152.9
2024,01,Residential Property Price Index,Rest Of Country,Index,148.4
2024,01,Residential Property Price Index,Rest Of Country,Index,156.2
2024,01,Residential Property Price Index,Dublin,Index,161.8
2024,01,Residential Property Price Index,National Excluding Dublin,Index,198.1
2024,01,Residential Property Price Index,Rest Of Country,Index,206.8
2024,01,Residential Property Price Index,Rest Of Country,Index,223.2
2024,01,Residential Property Price Index,Rest Of Country,Index,230.0
2024,01,Residential Property Price Index,Rest Of Country,Index,180.7
2024,01,Residential Property Price Index,Rest Of Country,Index,203.7
2024,01,Residential Property Price Index,Rest Of Country,Index,201.3
2024,01,Residential Property Price Index,Rest Of Country,Index,196.4
2024,02,Residential Property Price Index,National,Index,178.3
2024,02,Residential Property Price Index,Dublin,Index,155.8
2024,02,Residential Property Price Index,Dublin,Index,154.7
2024,02,Residential Property Price Index,Rest Of Country,Index,148.0
2024,02,Residential Property Price Index,Rest Of Country,Index,156.3
2024,02,Residential Property Price Index,Dublin,Index,162.5
2024,02,Residential Property Price Index,National Excluding Dublin,Index,198.9
2024,02,Residential Property Price Index,Rest Of Country,Index,206.0
2024,02,Residential Property Price Index,Rest Of Country,Index,223.8
2024,02,Residential Property Price Index,Rest Of Country,Index,229.1
2024,02,Residential Property Price Index,Rest Of Country,Index,181.2
2024,02,Residential Property Price Index,Rest Of Country,Index,204.0
2024,02,Residential Property Price Index,Rest Of Country,Index,201.4
2024,02,Residential Property Price Index,Rest Of Country,Index,199.4
2024,03,Residential Property Price Index,National,Index,179.2
2024,03,Residential Property Price Index,Dublin,Index,157.3
2024,03,Residential Property Price Index,Dublin,Index,156.2
2024,03,Residential Property Price Index,Rest Of Country,Index,149.0
2024,03,Residential Property Price Index,Rest Of Country,Index,158.5
2024,03,Residential Property Price Index,Dublin,Index,163.9
2024,03,Residential Property Price Index,Rest Of Country,Index,206.2
2024,03,Residential Property Price Index,Rest Of Country,Index,224.4
2024,03,Residential Property Price Index,Rest Of Country,Index,227.9
2024,03,Residential Property Price Index,Rest Of Country,Index,181.1
2024,03,Residential Property Price Index,Rest Of Country,Index,204.7
2024,03,Residential Property Price Index,Rest Of Country,Index,203.4
2024,03,Residential Property Price Index,Rest Of Country,Index,200.8
2024,04,Residential Property Price Index,National,Index,180.0
2024,04,Residential Property Price Index,Dublin,Index,157.2
2024,04,Residential Property Price Index,Dublin,Index,156.1
2024,04,Residential Property Price Index,Rest Of Country,Index,150.0
2024,04,Residential Property Price Index,Rest Of Country,Index,157.6
2024,04,Residential Property Price Index,Dublin,Index,163.5
2024,04,Residential Property Price Index,National Excluding Dublin,Index,200.9
2024,04,Residential Property Price Index,Rest Of Country,Index,209.8
2024,04,Residential Property Price Index,Rest Of Country,Index,226.6
2024,04,Residential Property Price Index,Rest Of Country,Index,181.8
2024,04,Residential Property Price Index,Rest Of Country,Index,205.4
2024,04,Residential Property Price Index,Rest Of Country,Index,204.7
2024,04,Residential Property Price Index,Rest Of Country,Index,203.1
2024,05,Residential Property Price Index,National,Index,180.7
2024,05,Residential Property Price Index,Dublin,Index,157.9
2024,05,Residential Property Price Index,Dublin,Index,156.6
2024,05,Residential Property Price Index,Rest Of Country,Index,150.6
2024,05,Residential Property Price Index,Rest Of Country,Index,158.6
2024,05,Residential Property Price Index,Dublin,Index,163.9
2024,05,Residential Property Price Index,National Excluding Dublin,Index,201.7
2024,05,Residential Property Price Index,Rest Of Country,Index,212.4
2024,05,Residential Property Price Index,Rest Of Country,Index,228.6
2024,05,Residential Property Price Index,Rest Of Country,Index,232.4
2024,05,Residential Property Price Index,Rest Of Country,Index,181.4
2024,05,Residential Property Price Index,Rest Of Country,Index,209.3
2024,05,Residential Property Price Index,Rest Of Country,Index,204.2
2024,05,Residential Property Price Index,Rest Of Country,Index,203.7
2024,06,Residential Property Price Index,National,Index,182.5
2024,06,Residential Property Price Index,Dublin,Index,159.3
2024,06,Residential Property Price Index,Dublin,Index,158.0
2024,06,Residential Property Price Index,Rest Of Country,Index,152.2
2024,06,Residential Property Price Index,Rest Of Country,Index,160.3
2024,06,Residential Property Price Index,Dublin,Index,164.2
2024,06,Residential Property Price Index,National Excluding Dublin,Index,203.8
2024,06,Residential Property Price Index,Rest Of Country,Index,216.5
2024,06,Residential Property Price Index,Rest Of Country,Index,229.3
2024,06,Residential Property Price Index,Rest Of Country,Index,235.7
2024,06,Residential Property Price Index,Rest Of Country,Index,183.4
2024,06,Residential Property Price Index,Rest Of Country,Index,214.0
2024,06,Residential Property Price Index,Rest Of Country,Index,206.7
2024,06,Residential Property Price Index,Rest Of Country,Index,204.1
2024,07,Residential Property Price Index,National,Index,184.8
2024,07,Residential Property Price Index,Dublin,Index,161.3
2024,07,Residential Property Price Index,Dublin,Index,159.2
2024,07,Residential Property Price Index,Rest Of Country,Index,153.7
2024,07,Residential Property Price Index,Rest Of Country,Index,164.0
2024,07,Residential Property Price Index,Dublin,Index,166.5
2024,07,Residential Property Price Index,National Excluding Dublin,Index,206.3
2024,07,Residential Property Price Index,Rest Of Country,Index,221.1
2024,07,Residential Property Price Index,Rest Of Country,Index,230.6
2024,07,Residential Property Price Index,Rest Of Country,Index,239.0
2024,07,Residential Property Price Index,Rest Of Country,Index,185.3
2024,07,Residential Property Price Index,Rest Of Country,Index,218.4
2024,07,Residential Property Price Index,Rest Of Country,Index,209.1
2024,07,Residential Property Price Index,Rest Of Country,Index,206.2
2024,08,Residential Property Price Index,National,Index,186.5
2024,08,Residential Property Price Index,Dublin,Index,163.2
2024,08,Residential Property Price Index,Dublin,Index,161.7
2024,08,Residential Property Price Index,Rest Of Country,Index,155.3
2024,08,Residential Property Price Index,Rest Of Country,Index,166.1
2024,08,Residential Property Price Index,Dublin,Index,167.6
2024,08,Residential Property Price Index,National Excluding Dublin,Index,207.9
2024,08,Residential Property Price Index,Rest Of Country,Index,219.2
2024,08,Residential Property Price Index,Rest Of Country,Index,213.0
2024,08,Residential Property Price Index,Rest Of Country,Index,205.6
2024,09,Residential Property Price Index,National,Index,188.2
2024,09,Residential Property Price Index,Dublin,Index,164.8
2024,09,Residential Property Price Index,Dublin,Index,163.9
2024,09,Residential Property Price Index,Rest Of Country,Index,155.8
2024,09,Residential Property Price Index,Dublin,Index,167.9
2024,09,Residential Property Price Index,National Excluding Dublin,Index,209.6
2024,09,Residential Property Price Index,Rest Of Country,Index,231.3
2024,09,Residential Property Price Index,Rest Of Country,Index,247.9
2024,09,Residential Property Price Index,Rest Of Country,Index,186.3
2024,09,Residential Property Price Index,Rest Of Country,Index,218.5
2024,09,Residential Property Price Index,Rest Of Country,Index,215.1
2024,09,Residential Property Price Index,Rest Of Country,Index,208.3
